,TMAX
2005-01-01,9.969
2005-01-02,6.036
2005-01-03,4.074
2005-01-04,3.933
2005-01-05,6.333
2005-01-06,9.798
2005-01-07,11.88
2005-01-08,8.884
2005-01-09,9.271
2005-01-10,5.88
2005-01-11,6.83
2005-01-12,4.162
2005-01-13,5.527
2005-01-14,6.68
2005-01-15,4.763
2005-01-16,7.402
2005-01-17,6.339
2005-01-18,3.223
2005-01-19,1.224
2005-01-20,9.058
2005-01-21,10.499
2005-01-22,8.864
2005-01-23,8.023
2005-01-24,1.992
2005-01-25,-8.065
2005-01-26,-8.593
2005-01-27,-9.253
2005-01-28,-4.913
2005-01-29,-2.043
2005-01-30,-1.359
2005-01-31,1.764
2005-02-01,5.291
2005-02-02,4.474
2005-02-03,5.543
2005-02-04,3.131
2005-02-05,
2005-02-06,
2005-02-07,
2005-02-08,
2005-02-09,
2005-02-10,
2005-02-11,
2005-02-12,
2005-02-13,-1.25
2005-02-14,-0.784
2005-02-15,-4.138
2005-02-16,-5.37
2005-02-17,-1.542
2005-02-18,1.974
2005-02-19,-0.128
2005-02-20,-2.045
2005-02-21,-5.158
2005-02-22,-2.044
2005-02-23,-3.249
2005-02-24,-1.919
2005-02-25,-3.954
2005-02-26,-5.714
2005-02-27,-3.431
2005-02-28,-7.692
2005-03-01,-3.757
2005-03-02,-2.09
2005-03-03,-4.78
2005-03-04,-5.877
2005-03-05,-1.862
2005-03-06,-3.817
2005-03-07,-0.838
2005-03-08,4.256
2005-03-09,9.79
2005-03-10,9.85
2005-03-11,8.488
2005-03-12,8.558
2005-03-13,8.496
2005-03-14,6.678
2005-03-15,10.985
2005-03-16,10.943
2005-03-17,10.41
2005-03-18,9.142
2005-03-19,11.662
2005-03-20,11.782
2005-03-21,9.571
2005-03-22,8.555
2005-03-23,5.59
2005-03-24,5.747
2005-03-25,5.799
2005-03-26,4.359
2005-03-27,1.746
2005-03-28,4.534
2005-03-29,5.191
2005-03-30,5.43
2005-03-31,13.806
2005-04-01,14.136
2005-04-02,4.824
2005-04-03,7.847
2005-04-04,6.681
2005-04-05,9.421
2005-04-06,11.379
2005-04-07,12.749
2005-04-08,4.276
2005-04-09,-2.64
2005-04-10,3.878
2005-04-11,4.868
2005-04-12,10.415
2005-04-13,9.174
2005-04-14,8.336
2005-04-15,-1.432
2005-04-16,-0.722
2005-04-17,5.077
2005-04-18,3.741
2005-04-19,2.021
2005-04-20,3.168
2005-04-21,9.88
2005-04-22,11.474
2005-04-23,10.375
2005-04-24,3.472
2005-04-25,10.726
2005-04-26,14.39
2005-04-27,16.747
2005-04-28,18.201
2005-04-29,18.654
2005-04-30,17.064
2005-05-01,14.696
2005-05-02,13.201
2005-05-03,13.232
2005-05-04,12.667
2005-05-05,11.509
2005-05-06,16.346
2005-05-07,17.451
2005-05-08,15.807
2005-05-09,15.303
2005-05-10,9.42
2005-05-11,9.357
2005-05-12,7.983
2005-05-13,7.235
2005-05-14,8.292
2005-05-15,7.595
2005-05-16,6.942
2005-05-17,5.118
2005-05-18,10.3
2005-05-19,18.309
2005-05-20,19.452
2005-05-21,13.7
2005-05-22,8.3
2005-05-23,15.3
2005-05-24,18.6
2005-05-25,21.4
2005-05-26,22.3
2005-05-27,20.2
2005-05-28,20.6
2005-05-29,15.5
2005-05-30,13.6
2005-05-31,13.2
2005-06-01,15.9
2005-06-02,17.7
2005-06-03,17.5
2005-06-04,20.7
2005-06-05,21.9
2005-06-06,21.8
2005-06-07,21.3
2005-06-08,23.2
2005-06-09,22.7
2005-06-10,20.5
2005-06-11,20.7
2005-06-12,18.3
2005-06-13,13.52
2005-06-14,14.6
2005-06-15,18.58
2005-06-16,23.25
2005-06-17,24.4
2005-06-18,23.1
2005-06-19,23.1
2005-06-20,22.9
2005-06-21,23.7
2005-06-22,23.8
2005-06-23,17.3
2005-06-24,19.3
2005-06-25,19.8
2005-06-26,20.8
2005-06-27,21.5
2005-06-28,17.2
2005-06-29,16
2005-06-30,18.4
2005-07-01,21.2
2005-07-02,24
2005-07-03,25.6
2005-07-04,20.6
2005-07-05,21.1
2005-07-06,21.4
2005-07-07,22.4
2005-07-08,21.5
2005-07-09,20.4
2005-07-10,20.9
2005-07-11,23.2
2005-07-12,23
2005-07-13,24.3
2005-07-14,25
2005-07-15,25.3
2005-07-16,25.5
2005-07-17,22.6
2005-07-18,17.9
2005-07-19,23.8
2005-07-20,26.6
2005-07-21,27.1
2005-07-22,24.4
2005-07-23,24.1
2005-07-24,23.2
2005-07-25,20.3
2005-07-26,20.7
2005-07-27,18.5
2005-07-28,17.2
2005-07-29,15.6
2005-07-30,19.1
2005-07-31,21.1
2005-08-01,19.4
2005-08-02,17.1
2005-08-03,21.8
2005-08-04,25.3
2005-08-05,25.7
2005-08-06,27
2005-08-07,29.2
2005-08-08,27.2
2005-08-09,23
2005-08-10,14.6
2005-08-11,18.6
2005-08-12,22.1
2005-08-13,22.6
2005-08-14,25.4
2005-08-15,25.9
2005-08-16,22.9
2005-08-17,21.8
2005-08-18,22.3
2005-08-19,19.8
2005-08-20,15.5
2005-08-21,13.8
2005-08-22,17.3
2005-08-23,19
2005-08-24,22.6
2005-08-25,23.5
2005-08-26,22.4
2005-08-27,21.3
2005-08-28,23.7
2005-08-29,24.4
2005-08-30,24.9
2005-08-31,22.8
2005-09-01,21.9
2005-09-02,21.9
2005-09-03,22.4
2005-09-04,23.9
2005-09-05,16.2
2005-09-06,13.2
2005-09-07,9.9
2005-09-08,13.3
2005-09-09,16.9
2005-09-10,10
2005-09-11,10.4
2005-09-12,11.8
2005-09-13,15.2
2005-09-14,18.5
2005-09-15,20.7
2005-09-16,18.6
2005-09-17,11.3
2005-09-18,10.6
2005-09-19,14.7
2005-09-20,18.3
2005-09-21,18.9
2005-09-22,20.5
2005-09-23,20.1
2005-09-24,18.7
2005-09-25,14.9
2005-09-26,15.7
2005-09-27,17
2005-09-28,17.8
2005-09-29,16.9
2005-09-30,20
2005-10-01,19
2005-10-02,11.9
2005-10-03,11.5
2005-10-04,15.3
2005-10-05,17.1
2005-10-06,15.8
2005-10-07,15.8
2005-10-08,17.1
2005-10-09,16.5
2005-10-10,13.7
2005-10-11,11.7
2005-10-12,11.8
2005-10-13,5.1
2005-10-14,5.8
2005-10-15,7.4
2005-10-16,12.3
2005-10-17,9.6
2005-10-18,9.1
2005-10-19,12
2005-10-20,9.2
2005-10-21,10.8
2005-10-22,9.4
2005-10-23,7.3
2005-10-24,13.6
2005-10-25,13.4
2005-10-26,14.4
2005-10-27,11.4
2005-10-28,13.947
2005-10-29,11.258
2005-10-30,9.514
2005-10-31,8.188
2005-11-01,8.456
2005-11-02,10.878
2005-11-03,10.172
2005-11-04,4.765
2005-11-05,5.117
2005-11-06,10.988
2005-11-07,10.429
2005-11-08,9.892
2005-11-09,-0.265
2005-11-10,3.851
2005-11-11,5.155
2005-11-12,3.84
2005-11-13,-2.486
2005-11-14,-0.207
2005-11-15,0.894
2005-11-16,3.519
2005-11-17,5.576
2005-11-18,3.729
2005-11-19,3.5
2005-11-20,4.5
2005-11-21,4.077
2005-11-22,7.612
2005-11-23,7.5
2005-11-24,2.2
2005-11-25,0.3
2005-11-26,-4.9
2005-11-27,-3.7
2005-11-28,-1.3
2005-11-29,0.8
2005-11-30,2
2005-12-01,3.1
2005-12-02,1.7
2005-12-03,0.2
2005-12-04,2
2005-12-05,0.6
2005-12-06,1.9
2005-12-07,3.5
2005-12-08,5.3
2005-12-09,5
2005-12-10,6.7
2005-12-11,8.6
2005-12-12,2.6
2005-12-13,0.9
2005-12-14,1.8
2005-12-15,2.5
2005-12-16,7
2005-12-17,5.6
2005-12-18,5
2005-12-19,3.34
2005-12-20,-1.111
2005-12-21,1.03
2005-12-22,4.132
2005-12-23,6.144
2005-12-24,4.782
2005-12-25,2.864
2005-12-26,1.706
2005-12-27,1.291
2005-12-28,-1.528
2005-12-29,-0.504
2005-12-30,2.528
2005-12-31,1.977
2006-01-01,-2.151
2006-01-02,-1.821
2006-01-03,1.007
2006-01-04,2.134
2006-01-05,1.104
2006-01-06,-1.03
2006-01-07,-1.177
2006-01-08,
2006-01-09,
2006-01-10,
2006-01-11,
2006-01-12,
2006-01-13,
2006-01-14,
2006-01-15,
2006-01-16,
2006-01-17,
2006-01-18,
2006-01-19,10.8
2006-01-20,9.6
2006-01-21,11
2006-01-22,10
2006-01-23,7.4
2006-01-24,5.9
2006-01-25,1.1
2006-01-26,5.8
2006-01-27,-4
2006-01-28,-5.1
2006-01-29,-5.9
2006-01-30,-1.4
2006-01-31,
2006-02-01,
2006-02-02,
2006-02-03,
2006-02-04,
2006-02-05,
2006-02-06,
2006-02-07,
2006-02-08,
2006-02-09,
2006-02-10,
2006-02-11,
2006-02-12,
2006-02-13,11.2
2006-02-14,8.8
2006-02-15,7.3
2006-02-16,3.3
2006-02-17,4.2
2006-02-18,2.2
2006-02-19,-2.3
2006-02-20,-3.1
2006-02-21,-2.1
2006-02-22,-1.7
2006-02-23,-3.3
2006-02-24,-2.3
2006-02-25,-2
2006-02-26,-2.8
2006-02-27,0.2
2006-02-28,5.7
2006-03-01,2.3
2006-03-02,1.6
2006-03-03,3
2006-03-04,2.84
2006-03-05,-3.156
2006-03-06,-2.136
2006-03-07,4.301
2006-03-08,8.9
2006-03-09,3.977
2006-03-10,-0.539
2006-03-11,5.188
2006-03-12,9.9
2006-03-13,13.1
2006-03-14,11.7
2006-03-15,12.2
2006-03-16,
2006-03-17,
2006-03-18,
2006-03-19,
2006-03-20,
2006-03-21,
2006-03-22,
2006-03-23,
2006-03-24,
2006-03-25,
2006-03-26,
2006-03-27,
2006-03-28,
2006-03-29,
2006-03-30,
2006-03-31,
2006-04-01,
2006-04-02,
2006-04-03,
2006-04-04,
2006-04-05,
2006-04-06,
2006-04-07,
2006-04-08,
2006-04-09,
2006-04-10,
2006-04-11,
2006-04-12,
2006-04-13,
2006-04-14,
2006-04-15,
2006-04-16,
2006-04-17,
2006-04-18,
2006-04-19,
2006-04-20,
2006-04-21,
2006-04-22,
2006-04-23,
2006-04-24,
2006-04-25,14.439
2006-04-26,14.134
2006-04-27,13.711
2006-04-28,11.255
2006-04-29,11.261
2006-04-30,12.075
2006-05-01,12.662
2006-05-02,14.624
2006-05-03,10.047
2006-05-04,9
2006-05-05,8.523
2006-05-06,9.72
2006-05-07,9.943
2006-05-08,6.625
2006-05-09,13.445
2006-05-10,15.451
2006-05-11,16.058
2006-05-12,15.292
2006-05-13,16.193
2006-05-14,17.951
2006-05-15,19.813
2006-05-16,21.074
2006-05-17,22.656
2006-05-18,16.342
2006-05-19,14.544
2006-05-20,12.098
2006-05-21,15.252
2006-05-22,7.357
2006-05-23,8.426
2006-05-24,13.448
2006-05-25,17.168
2006-05-26,16.458
2006-05-27,20.104
2006-05-28,21.891
2006-05-29,21.308
2006-05-30,17.868
2006-05-31,13.3
2006-06-01,15.2
2006-06-02,15.9
2006-06-03,17
2006-06-04,18.9
2006-06-05,20.9
2006-06-06,21
2006-06-07,23.4
2006-06-08,23.5
2006-06-09,18
2006-06-10,16.8
2006-06-11,19.6
2006-06-12,18.618
2006-06-13,18.081
2006-06-14,18.091
2006-06-15,17.14
2006-06-16,16.797
2006-06-17,14.186
2006-06-18,17.582
2006-06-19,19.126
2006-06-20,17.051
2006-06-21,21.159
2006-06-22,22.982
2006-06-23,23.722
2006-06-24,20.249
2006-06-25,18.694
2006-06-26,19.207
2006-06-27,20.991
2006-06-28,18.709
2006-06-29,20.8
2006-06-30,22.4
2006-07-01,20.6
2006-07-02,20.6
2006-07-03,19.251
2006-07-04,19.152
2006-07-05,11.147
2006-07-06,
2006-07-07,
2006-07-08,
2006-07-09,
2006-07-10,
2006-07-11,
2006-07-12,
2006-07-13,
2006-07-14,
2006-07-15,
2006-07-16,
2006-07-17,
2006-07-18,
2006-07-19,
2006-07-20,22.2
2006-07-21,24.3
2006-07-22,23.5
2006-07-23,24.1
2006-07-24,24.6
2006-07-25,23.8
2006-07-26,23.7
2006-07-27,20.5
2006-07-28,20.5
2006-07-29,23.7
2006-07-30,24.9
2006-07-31,23.4
2006-08-01,23.2
2006-08-02,24.4
2006-08-03,21.3
2006-08-04,21.1
2006-08-05,22.9
2006-08-06,22.8
2006-08-07,22.5
2006-08-08,20.1
2006-08-09,21.9
2006-08-10,23.7
2006-08-11,22.7
2006-08-12,19.7
2006-08-13,20.4
2006-08-14,21.5
2006-08-15,18.6
2006-08-16,12.5
2006-08-17,9.8
2006-08-18,11.5
2006-08-19,13.6
2006-08-20,18.6
2006-08-21,21.9
2006-08-22,23.2
2006-08-23,22
2006-08-24,18.9
2006-08-25,19
2006-08-26,17.4
2006-08-27,19.9
2006-08-28,22.5
2006-08-29,22.2
2006-08-30,23.2
2006-08-31,25.1
2006-09-01,26.2
2006-09-02,25.3
2006-09-03,26.9
2006-09-04,25.8
2006-09-05,24.8
2006-09-06,24.1
2006-09-07,21.8
2006-09-08,21.538
2006-09-09,20.567
2006-09-10,19.715
2006-09-11,19.562
2006-09-12,13.518
2006-09-13,13.217
2006-09-14,7.4
2006-09-15,6.3
2006-09-16,11.7
2006-09-17,15.7
2006-09-18,17.4
2006-09-19,19.1
2006-09-20,17.9
2006-09-21,13.2
2006-09-22,10.4
2006-09-23,10.5
2006-09-24,8.3
2006-09-25,12.2
2006-09-26,17.8
2006-09-27,19.2
2006-09-28,15.2
2006-09-29,15.168
2006-09-30,13.361
2006-10-01,15.423
2006-10-02,16.368
2006-10-03,6.683
2006-10-04,5.231
2006-10-05,11.501
2006-10-06,
2006-10-07,
2006-10-08,
2006-10-09,
2006-10-10,
2006-10-11,
2006-10-12,
2006-10-13,
2006-10-14,
2006-10-15,
2006-10-16,
2006-10-17,
2006-10-18,
2006-10-19,
2006-10-20,
2006-10-21,
2006-10-22,
2006-10-23,
2006-10-24,
2006-10-25,
2006-10-26,
2006-10-27,
2006-10-28,
2006-10-29,
2006-10-30,
2006-10-31,
2006-11-01,
2006-11-02,
2006-11-03,
2006-11-04,
2006-11-05,
2006-11-06,
2006-11-07,
2006-11-08,
2006-11-09,
2006-11-10,
2006-11-11,
2006-11-12,
2006-11-13,
2006-11-14,
2006-11-15,
2006-11-16,
2006-11-17,
2006-11-18,
2006-11-19,
2006-11-20,
2006-11-21,
2006-11-22,
2006-11-23,
2006-11-24,
2006-11-25,
2006-11-26,
2006-11-27,
2006-11-28,
2006-11-29,
2006-11-30,
2006-12-01,
2006-12-02,
2006-12-03,
2006-12-04,
2006-12-05,
2006-12-06,
2006-12-07,
2006-12-08,
2006-12-09,
2006-12-10,
2006-12-11,
2006-12-12,
2006-12-13,
2006-12-14,
2006-12-15,
2006-12-16,
2006-12-17,
2006-12-18,
2006-12-19,
2006-12-20,
2006-12-21,
2006-12-22,
2006-12-23,
2006-12-24,
2006-12-25,
2006-12-26,
2006-12-27,
2006-12-28,
2006-12-29,
2006-12-30,
2006-12-31,
2007-01-01,
2007-01-02,
2007-01-03,
2007-01-04,
2007-01-05,
2007-01-06,
2007-01-07,
2007-01-08,
2007-01-09,
2007-01-10,
2007-01-11,
2007-01-12,
2007-01-13,
2007-01-14,
2007-01-15,
2007-01-16,
2007-01-17,
2007-01-18,
2007-01-19,
2007-01-20,
2007-01-21,
2007-01-22,
2007-01-23,
2007-01-24,
2007-01-25,
2007-01-26,
2007-01-27,
2007-01-28,
2007-01-29,
2007-01-30,
2007-01-31,
2007-02-01,5.5
2007-02-02,5.3
2007-02-03,3.2
2007-02-04,3.8
2007-02-05,2
2007-02-06,-0.1
2007-02-07,0
2007-02-08,
2007-02-09,
2007-02-10,
2007-02-11,
2007-02-12,
2007-02-13,
2007-02-14,
2007-02-15,
2007-02-16,
2007-02-17,
2007-02-18,
2007-02-19,
2007-02-20,
2007-02-21,
2007-02-22,
2007-02-23,
2007-02-24,
2007-02-25,
2007-02-26,
2007-02-27,
2007-02-28,
2007-03-01,
2007-03-02,
2007-03-03,
2007-03-04,
2007-03-05,
2007-03-06,
2007-03-07,
2007-03-08,
2007-03-09,
2007-03-10,
2007-03-11,
2007-03-12,6.5
2007-03-13,
2007-03-14,
2007-03-15,
2007-03-16,
2007-03-17,
2007-03-18,
2007-03-19,
2007-03-20,
2007-03-21,
2007-03-22,
2007-03-23,
2007-03-24,
2007-03-25,
2007-03-26,
2007-03-27,
2007-03-28,
2007-03-29,
2007-03-30,
2007-03-31,
2007-04-01,
2007-04-02,
2007-04-03,
2007-04-04,
2007-04-05,
2007-04-06,
2007-04-07,
2007-04-08,
2007-04-09,
2007-04-10,
2007-04-11,
2007-04-12,5.7
2007-04-13,6.6
2007-04-14,8.3
2007-04-15,11.4
2007-04-16,12.7
2007-04-17,11.2
2007-04-18,12.1
2007-04-19,11.4
2007-04-20,12.5
2007-04-21,13.3
2007-04-22,14.2
2007-04-23,15.3
2007-04-24,14.5
2007-04-25,9.3
2007-04-26,3.8
2007-04-27,7.2
2007-04-28,7.6
2007-04-29,7.1
2007-04-30,6.2
2007-05-01,0.7
2007-05-02,5.9
2007-05-03,5.9
2007-05-04,7.1
2007-05-05,5
2007-05-06,9.2
2007-05-07,14.2
2007-05-08,15.4
2007-05-09,16.7
2007-05-10,16.6
2007-05-11,16.1
2007-05-12,14.2
2007-05-13,10.1
2007-05-14,5.1
2007-05-15,10.3
2007-05-16,13.9
2007-05-17,17.1
2007-05-18,18.6
2007-05-19,17.8
2007-05-20,14.8
2007-05-21,12.4
2007-05-22,14.1
2007-05-23,10.6
2007-05-24,9.3
2007-05-25,9
2007-05-26,8.6
2007-05-27,5.7
2007-05-28,6.3
2007-05-29,10.9
2007-05-30,12.6
2007-05-31,6.6
2007-06-01,12.3
2007-06-02,12.6
2007-06-03,14.4
2007-06-04,14.4
2007-06-05,14.6
2007-06-06,14.6
2007-06-07,18.5
2007-06-08,18.4
2007-06-09,17.1
2007-06-10,13.3
2007-06-11,15.8
2007-06-12,17
2007-06-13,14.9
2007-06-14,10.1
2007-06-15,13.8
2007-06-16,10.8
2007-06-17,10.4
2007-06-18,14
2007-06-19,13.2
2007-06-20,11.6
2007-06-21,10.1
2007-06-22,14.8
2007-06-23,19.8
2007-06-24,19.6
2007-06-25,13.7
2007-06-26,14.7
2007-06-27,17
2007-06-28,18.5
2007-06-29,20.4
2007-06-30,21
2007-07-01,15.3
2007-07-02,18.1
2007-07-03,16.6
2007-07-04,17.3
2007-07-05,19.9
2007-07-06,21.8
2007-07-07,22.4
2007-07-08,21.1
2007-07-09,14.5
2007-07-10,17.1
2007-07-11,19.5
2007-07-12,21.5
2007-07-13,22.4
2007-07-14,23.3
2007-07-15,19.9
2007-07-16,14.9
2007-07-17,18.8
2007-07-18,19.6
2007-07-19,18.4
2007-07-20,15.7
2007-07-21,16.7
2007-07-22,17.5
2007-07-23,15.9
2007-07-24,20.1
2007-07-25,22.7
2007-07-26,24.7
2007-07-27,24.5
2007-07-28,24.6
2007-07-29,25
2007-07-30,24.3
2007-07-31,25.9
2007-08-01,22.4
2007-08-02,22.8
2007-08-03,24.4
2007-08-04,27.8
2007-08-05,23.9
2007-08-06,18.4
2007-08-07,17.5
2007-08-08,17.3
2007-08-09,20
2007-08-10,20.9
2007-08-11,20.3
2007-08-12,18.3
2007-08-13,18.4
2007-08-14,22
2007-08-15,20.6
2007-08-16,16.4
2007-08-17,19.5
2007-08-18,20.8
2007-08-19,17.1
2007-08-20,17.5
2007-08-21,12.3
2007-08-22,12.4
2007-08-23,14
2007-08-24,15.8
2007-08-25,17.1
2007-08-26,22
2007-08-27,25
2007-08-28,19.9
2007-08-29,
2007-08-30,
2007-08-31,
2007-09-01,
2007-09-02,
2007-09-03,
2007-09-04,
2007-09-05,
2007-09-06,
2007-09-07,
2007-09-08,
2007-09-09,
2007-09-10,
2007-09-11,
2007-09-12,
2007-09-13,
2007-09-14,
2007-09-15,
2007-09-16,
2007-09-17,
2007-09-18,
2007-09-19,
2007-09-20,
2007-09-21,
2007-09-22,
2007-09-23,
2007-09-24,
2007-09-25,
2007-09-26,
2007-09-27,
2007-09-28,
2007-09-29,
2007-09-30,
2007-10-01,
2007-10-02,
2007-10-03,
2007-10-04,
2007-10-05,
2007-10-06,
2007-10-07,
2007-10-08,
2007-10-09,
2007-10-10,
2007-10-11,
2007-10-12,
2007-10-13,
2007-10-14,
2007-10-15,
2007-10-16,
2007-10-17,
2007-10-18,
2007-10-19,
2007-10-20,
2007-10-21,
2007-10-22,
2007-10-23,
2007-10-24,
2007-10-25,
2007-10-26,
2007-10-27,
2007-10-28,
2007-10-29,10.4
2007-10-30,3.7
2007-10-31,5.9
2007-11-01,11.3
2007-11-02,13.7
2007-11-03,13.6
2007-11-04,13.4
2007-11-05,11.3
2007-11-06,15.3
2007-11-07,15.1
2007-11-08,13.9
2007-11-09,11.5
2007-11-10,13.7
2007-11-11,12.5
2007-11-12,13.2
2007-11-13,8.2
2007-11-14,7.4
2007-11-15,2
2007-11-16,4.7
2007-11-17,6.7
2007-11-18,7.4
2007-11-19,5.7
2007-11-20,5.6
2007-11-21,4.2
2007-11-22,2.3
2007-11-23,
2007-11-24,
2007-11-25,-0.3
2007-11-26,3.1
2007-11-27,7.7
2007-11-28,5.4
2007-11-29,3.9
2007-11-30,7.7
2007-12-01,5.4
2007-12-02,6.1
2007-12-03,3.6
2007-12-04,7.6
2007-12-05,9.2
2007-12-06,11.4
2007-12-07,8.5
2007-12-08,7.8
2007-12-09,6.3
2007-12-10,-1.9
2007-12-11,2.4
2007-12-12,7.9
2007-12-13,8.9
2007-12-14,5
2007-12-15,7.9
2007-12-16,-0.4
2007-12-17,-3.2
2007-12-18,-2.2
2007-12-19,-1.5
2007-12-20,-0.3
2007-12-21,0.2
2007-12-22,2.2
2007-12-23,3.4
2007-12-24,2.9
2007-12-25,3.8
2007-12-26,1.5
2007-12-27,4.7
2007-12-28,7.9
2007-12-29,6.8
2007-12-30,2.4
2007-12-31,8.1
2008-01-01,6.1
2008-01-02,2.6
2008-01-03,-0.6
2008-01-04,1.3
2008-01-05,5.7
2008-01-06,9.8
2008-01-07,7.7
2008-01-08,6.9
2008-01-09,3.7
2008-01-10,2.7
2008-01-11,0.9
2008-01-12,-1.4
2008-01-13,2.4
2008-01-14,-0.6
2008-01-15,3.5
2008-01-16,2.7
2008-01-17,2.1
2008-01-18,10
2008-01-19,15.4
2008-01-20,13.6
2008-01-21,10.1
2008-01-22,9
2008-01-23,6.5
2008-01-24,6.9
2008-01-25,5.6
2008-01-26,5.7
2008-01-27,8.4
2008-01-28,9.2
2008-01-29,8.5
2008-01-30,6.4
2008-01-31,3.8
2008-02-01,3
2008-02-02,1.1
2008-02-03,0.3
2008-02-04,-0.9
2008-02-05,4.6
2008-02-06,9.6
2008-02-07,11.4
2008-02-08,11.2
2008-02-09,9.6
2008-02-10,7.9
2008-02-11,7.9
2008-02-12,3.2
2008-02-13,0.4
2008-02-14,-0.1
2008-02-15,3.9
2008-02-16,4.9
2008-02-17,1.5
2008-02-18,2.1
2008-02-19,3.5
2008-02-20,4.3
2008-02-21,6.8
2008-02-22,7.7
2008-02-23,5.7
2008-02-24,2.5
2008-02-25,6.4
2008-02-26,7.1
2008-02-27,9
2008-02-28,3.4
2008-02-29,6.5
2008-03-01,9.5
2008-03-02,13
2008-03-03,10.4
2008-03-04,1.7
2008-03-05,-2.6
2008-03-06,3.2
2008-03-07,6.2
2008-03-08,7.2
2008-03-09,0
2008-03-10,3.4
2008-03-11,4.8
2008-03-12,8.6
2008-03-13,13
2008-03-14,11.2
2008-03-15,10.2
2008-03-16,7.4
2008-03-17,9.7
2008-03-18,0.6
2008-03-19,3
2008-03-20,4.1
2008-03-21,6.1
2008-03-22,-0.7
2008-03-23,-4.8
2008-03-24,0.4
2008-03-25,4.3
2008-03-26,-0.2
2008-03-27,2.8
2008-03-28,4.4
2008-03-29,8.9
2008-03-30,7.2
2008-03-31,2.2
2008-04-01,6.8
2008-04-02,13.2
2008-04-03,15.8
2008-04-04,13
2008-04-05,9.2
2008-04-06,12.4
2008-04-07,7.5
2008-04-08,5.4
2008-04-09,6.2
2008-04-10,4.2
2008-04-11,1.5
2008-04-12,1.8
2008-04-13,3.9
2008-04-14,6.3
2008-04-15,9.3
2008-04-16,9.8
2008-04-17,1.6
2008-04-18,1
2008-04-19,0.9
2008-04-20,2.9
2008-04-21,1.8
2008-04-22,3.8
2008-04-23,10.2
2008-04-24,13.9
2008-04-25,14.6
2008-04-26,16.8
2008-04-27,16.1
2008-04-28,9.8
2008-04-29,8.6
2008-04-30,5.3
2008-05-01,11.2
2008-05-02,13.1
2008-05-03,16.7
2008-05-04,15.9
2008-05-05,15.2
2008-05-06,14.7
2008-05-07,14.3
2008-05-08,7.7
2008-05-09,9.1
2008-05-10,3.9
2008-05-11,8.8
2008-05-12,10.3
2008-05-13,8.5
2008-05-14,7.1
2008-05-15,7.7
2008-05-16,7
2008-05-17,8.8
2008-05-18,5.3
2008-05-19,7
2008-05-20,10.1
2008-05-21,9.9
2008-05-22,10.2
2008-05-23,8.7
2008-05-24,5.1
2008-05-25,4.8
2008-05-26,5.2
2008-05-27,6.1
2008-05-28,6.3
2008-05-29,7.8
2008-05-30,8.4
2008-05-31,7.6
2008-06-01,7.8
2008-06-02,9.5
2008-06-03,11.4
2008-06-04,13.1
2008-06-05,9.5
2008-06-06,12.1
2008-06-07,11.3
2008-06-08,6.9
2008-06-09,5.4
2008-06-10,9.3
2008-06-11,11.6
2008-06-12,13.6
2008-06-13,14.6
2008-06-14,16.2
2008-06-15,14.3
2008-06-16,9.1
2008-06-17,12.5
2008-06-18,18.1
2008-06-19,20
2008-06-20,21.3
2008-06-21,21.3
2008-06-22,22.3
2008-06-23,19.2
2008-06-24,
2008-06-25,
2008-06-26,
2008-06-27,
2008-06-28,
2008-06-29,
2008-06-30,
2008-07-01,
2008-07-02,
2008-07-03,13.7
2008-07-04,20.3
2008-07-05,19.5
2008-07-06,14.9
2008-07-07,14.8
2008-07-08,18.9
2008-07-09,21.4
2008-07-10,21.8
2008-07-11,17.2
2008-07-12,11.8
2008-07-13,14.8
2008-07-14,17.8
2008-07-15,19.2
2008-07-16,18.8
2008-07-17,19.8
2008-07-18,23.5
2008-07-19,24.6
2008-07-20,22.7
2008-07-21,20.9
2008-07-22,22.4
2008-07-23,24.8
2008-07-24,20.2
2008-07-25,17.6
2008-07-26,21.3
2008-07-27,22
2008-07-28,18.4
2008-07-29,20.6
2008-07-30,21.3
2008-07-31,21
2008-08-01,19.5
2008-08-02,23.6
2008-08-03,24.7
2008-08-04,26
2008-08-05,25.3
2008-08-06,23.7
2008-08-07,19.1
2008-08-08,20.3
2008-08-09,22.3
2008-08-10,23.4
2008-08-11,20.4
2008-08-12,17.1
2008-08-13,19.3
2008-08-14,15.1
2008-08-15,17.1
2008-08-16,11.9
2008-08-17,
2008-08-18,20.8
2008-08-19,18.1
2008-08-20,20.6
2008-08-21,22.2
2008-08-22,19.3
2008-08-23,17.9
2008-08-24,20
2008-08-25,21.6
2008-08-26,21.7
2008-08-27,21.1
2008-08-28,19.8
2008-08-29,20.7
2008-08-30,16.7
2008-08-31,17
2008-09-01,19.1
2008-09-02,18.4
2008-09-03,17.6
2008-09-04,15.7
2008-09-05,13.4
2008-09-06,10.3
2008-09-07,14
2008-09-08,17.1
2008-09-09,18.7
2008-09-10,18.6
2008-09-11,16
2008-09-12,8.8
2008-09-13,12.4
2008-09-14,15.4
2008-09-15,17.7
2008-09-16,18.3
2008-09-17,15.1
2008-09-18,15.6
2008-09-19,15.6
2008-09-20,18.3
2008-09-21,16.4
2008-09-22,12.3
2008-09-23,11.8
2008-09-24,10.6
2008-09-25,11.5
2008-09-26,9.8
2008-09-27,10.8
2008-09-28,8.6
2008-09-29,12
2008-09-30,12.9
2008-10-01,15.2
2008-10-02,13.3
2008-10-03,5.7
2008-10-04,8.6
2008-10-05,13.6
2008-10-06,14.5
2008-10-07,9.8
2008-10-08,5.9
2008-10-09,8.8
2008-10-10,12.9
2008-10-11,9.7
2008-10-12,12.4
2008-10-13,9.9
2008-10-14,10.4
2008-10-15,13.1
2008-10-16,11.4
2008-10-17,7.2
2008-10-18,7.9
2008-10-19,9.4
2008-10-20,10.8
2008-10-21,9.5
2008-10-22,4.3
2008-10-23,8.7
2008-10-24,7.1
2008-10-25,10.6
2008-10-26,12.2
2008-10-27,10.8
2008-10-28,4
2008-10-29,-3.9
2008-10-30,1.2
2008-10-31,0.8
2008-11-01,0.2
2008-11-02,-1.5
2008-11-03,0
2008-11-04,-1.4
2008-11-05,0.6
2008-11-06,2.1
2008-11-07,3.1
2008-11-08,3.2
2008-11-09,6.4
2008-11-10,9.4
2008-11-11,5.2
2008-11-12,-0.9
2008-11-13,0.9
2008-11-14,3.7
2008-11-15,7
2008-11-16,9.1
2008-11-17,7.7
2008-11-18,4
2008-11-19,4
2008-11-20,4.4
2008-11-21,7.1
2008-11-22,3.8
2008-11-23,1.3
2008-11-24,-0.7
2008-11-25,-4.1
2008-11-26,-1.8
2008-11-27,-1.2
2008-11-28,-2.3
2008-11-29,-2.9
2008-11-30,-6.6
2008-12-01,-6.6
2008-12-02,-4.1
2008-12-03,-1.9
2008-12-04,2.1
2008-12-05,1.7
2008-12-06,2.6
2008-12-07,3.7
2008-12-08,1.8
2008-12-09,-0.2
2008-12-10,-4.8
2008-12-11,-3.1
2008-12-12,-0.3
2008-12-13,-1.7
2008-12-14,-6.3
2008-12-15,-4.1
2008-12-16,-1.6
2008-12-17,-0.4
2008-12-18,3.2
2008-12-19,10.4
2008-12-20,12.4
2008-12-21,13
2008-12-22,11.5
2008-12-23,9.8
2008-12-24,8.3
2008-12-25,9
2008-12-26,2
2008-12-27,-4
2008-12-28,-1.1
2008-12-29,2
2008-12-30,5.1
2008-12-31,3.2
2009-01-01,2.1
2009-01-02,2.6
2009-01-03,0.8
2009-01-04,1.8
2009-01-05,-0.3
2009-01-06,-5.7
2009-01-07,-7.2
2009-01-08,-10.4
2009-01-09,-7.7
2009-01-10,-6.7
2009-01-11,0.3
2009-01-12,3.7
2009-01-13,-1.9
2009-01-14,1.4
2009-01-15,3.5
2009-01-16,2.3
2009-01-17,4
2009-01-18,2.2
2009-01-19,3
2009-01-20,-5.5
2009-01-21,-4.5
2009-01-22,3.9
2009-01-23,5
2009-01-24,2.3
2009-01-25,-2.7
2009-01-26,-4.2
2009-01-27,-1.2
2009-01-28,2.1
2009-01-29,2.8
2009-01-30,3.5
2009-01-31,0.4
2009-02-01,-1.6
2009-02-02,-1.8
2009-02-03,-2.6
2009-02-04,-2.1
2009-02-05,-1.5
2009-02-06,-4.3
2009-02-07,-6.3
2009-02-08,-0.3
2009-02-09,2.5
2009-02-10,-0.5
2009-02-11,-1.9
2009-02-12,1.3
2009-02-13,5.1
2009-02-14,7.9
2009-02-15,3.5
2009-02-16,
2009-02-17,
2009-02-18,6.6
2009-02-19,5.6
2009-02-20,2.4
2009-02-21,3
2009-02-22,6.8
2009-02-23,6.7
2009-02-24,7.5
2009-02-25,9.1
2009-02-26,8.4
2009-02-27,9.2
2009-02-28,4
2009-03-01,1.1
2009-03-02,-0.4
2009-03-03,0.4
2009-03-04,-1.6
2009-03-05,-3.2
2009-03-06,1
2009-03-07,6.5
2009-03-08,11.3
2009-03-09,9
2009-03-10,10.3
2009-03-11,10.5
2009-03-12,11.2
2009-03-13,11.4
2009-03-14,10.8
2009-03-15,11.6
2009-03-16,11.7
2009-03-17,8.1
2009-03-18,11.1
2009-03-19,12.1
2009-03-20,11
2009-03-21,9.7
2009-03-22,8.3
2009-03-23,8.4
2009-03-24,8.8
2009-03-25,10.4
2009-03-26,11.2
2009-03-27,11.9
2009-03-28,5.3
2009-03-29,-0.6
2009-03-30,0.6
2009-03-31,-1.6
2009-04-01,3.5
2009-04-02,5.7
2009-04-03,7.9
2009-04-04,9.9
2009-04-05,11.3
2009-04-06,8.8
2009-04-07,1.1
2009-04-08,7
2009-04-09,7.1
2009-04-10,3.2
2009-04-11,-0.7
2009-04-12,-0.4
2009-04-13,6.8
2009-04-14,1.9
2009-04-15,-1
2009-04-16,-0.5
2009-04-17,0.6
2009-04-18,4
2009-04-19,4.2
2009-04-20,4.7
2009-04-21,7
2009-04-22,10.8
2009-04-23,13.7
2009-04-24,13
2009-04-25,5.8
2009-04-26,0.7
2009-04-27,3.1
2009-04-28,2.9
2009-04-29,8.8
2009-04-30,3.7
2009-05-01,7.5
2009-05-02,12
2009-05-03,13
2009-05-04,12.9
2009-05-05,14.5
2009-05-06,15.8
2009-05-07,15.4
2009-05-08,13.7
2009-05-09,12.6
2009-05-10,9.2
2009-05-11,8.3
2009-05-12,9.4
2009-05-13,10.7
2009-05-14,5.8
2009-05-15,9.1
2009-05-16,12.4
2009-05-17,9.6
2009-05-18,11.5
2009-05-19,13.9
2009-05-20,18.2
2009-05-21,16.9
2009-05-22,17.1
2009-05-23,8.5
2009-05-24,9.6
2009-05-25,6.7
2009-05-26,8.8
2009-05-27,13.4
2009-05-28,15.6
2009-05-29,16.6
2009-05-30,15.9
2009-05-31,17.6
2009-06-01,18.1
2009-06-02,17.8
2009-06-03,18.4
2009-06-04,14.1
2009-06-05,8.3
2009-06-06,5.2
2009-06-07,9.1
2009-06-08,5.7
2009-06-09,9.7
2009-06-10,16.1
2009-06-11,18.9
2009-06-12,22
2009-06-13,22.9
2009-06-14,17.4
2009-06-15,17.8
2009-06-16,15.4
2009-06-17,19.2
2009-06-18,21.8
2009-06-19,21.1
2009-06-20,18.2
2009-06-21,19.3
2009-06-22,20.1
2009-06-23,20.2
2009-06-24,18
2009-06-25,14
2009-06-26,13.9
2009-06-27,16
2009-06-28,16.5
2009-06-29,18.1
2009-06-30,20.5
2009-07-01,21.5
2009-07-02,20.4
2009-07-03,20.5
2009-07-04,18.2
2009-07-05,16
2009-07-06,17.1
2009-07-07,17
2009-07-08,17.9
2009-07-09,19.1
2009-07-10,20.4
2009-07-11,21.1
2009-07-12,22.1
2009-07-13,22.7
2009-07-14,17.4
2009-07-15,19.9
2009-07-16,21.2
2009-07-17,11.9
2009-07-18,17.7
2009-07-19,20.9
2009-07-20,19.4
2009-07-21,23.5
2009-07-22,19.4
2009-07-23,16.8
2009-07-24,16.1
2009-07-25,22.6
2009-07-26,24.4
2009-07-27,19.5
2009-07-28,21.6
2009-07-29,20.4
2009-07-30,21.6
2009-07-31,22
2009-08-01,14.9
2009-08-02,16.9
2009-08-03,20.1
2009-08-04,22
2009-08-05,22.3
2009-08-06,20.5
2009-08-07,20
2009-08-08,18.8
2009-08-09,15.6
2009-08-10,17.9
2009-08-11,19.2
2009-08-12,20.6
2009-08-13,19.4
2009-08-14,21.7
2009-08-15,21.4
2009-08-16,22.2
2009-08-17,23
2009-08-18,22.9
2009-08-19,22.3
2009-08-20,22.9
2009-08-21,22.6
2009-08-22,23.3
2009-08-23,23.1
2009-08-24,19.6
2009-08-25,15.6
2009-08-26,19.2
2009-08-27,22.9
2009-08-28,22.8
2009-08-29,21.4
2009-08-30,22.4
2009-08-31,22
2009-09-01,18.7
2009-09-02,18.9
2009-09-03,20
2009-09-04,16.9
2009-09-05,18.7
2009-09-06,19.6
2009-09-07,19.8
2009-09-08,19.3
2009-09-09,19.1
2009-09-10,19.5
2009-09-11,17.5
2009-09-12,15.3
2009-09-13,14.4
2009-09-14,11
2009-09-15,9.1
2009-09-16,7
2009-09-17,4.1
2009-09-18,7.2
2009-09-19,8.9
2009-09-20,11
2009-09-21,10.6
2009-09-22,14.4
2009-09-23,15
2009-09-24,15.8
2009-09-25,15.6
2009-09-26,14.8
2009-09-27,14.2
2009-09-28,12.9
2009-09-29,8.7
2009-09-30,10.8
2009-10-01,12.1
2009-10-02,13
2009-10-03,14.8
2009-10-04,15.6
2009-10-05,15.5
2009-10-06,15.4
2009-10-07,11.5
2009-10-08,10.3
2009-10-09,12.2
2009-10-10,13.6
2009-10-11,13.3
2009-10-12,15.7
2009-10-13,13.4
2009-10-14,14.5
2009-10-15,13
2009-10-16,9.8
2009-10-17,12.6
2009-10-18,13.4
2009-10-19,
2009-10-20,
2009-10-21,
2009-10-22,2.1
2009-10-23,9.2
2009-10-24,10.9
2009-10-25,11.9
2009-10-26,13.8
2009-10-27,14.1
2009-10-28,14.5
2009-10-29,15
2009-10-30,14.6
2009-10-31,13.4
2009-11-01,12.8
2009-11-02,7.4
2009-11-03,5.9
2009-11-04,3.8
2009-11-05,-1.7
2009-11-06,5
2009-11-07,5
2009-11-08,-1.6
2009-11-09,-1.5
2009-11-10,3.2
2009-11-11,3.4
2009-11-12,8.3
2009-11-13,8.8
2009-11-14,6.9
2009-11-15,8
2009-11-16,7.6
2009-11-17,7.5
2009-11-18,10.1
2009-11-19,8.4
2009-11-20,7.6
2009-11-21,7
2009-11-22,3.7
2009-11-23,7
2009-11-24,10.2
2009-11-25,5.5
2009-11-26,4.3
2009-11-27,-1.3
2009-11-28,1.8
2009-11-29,-0.9
2009-11-30,-4.1
2009-12-01,1.1
2009-12-02,3
2009-12-03,-0.4
2009-12-04,1.1
2009-12-05,5.4
2009-12-06,5.1
2009-12-07,3.5
2009-12-08,6.2
2009-12-09,7.8
2009-12-10,8.5
2009-12-11,9.9
2009-12-12,10.1
2009-12-13,0.9
2009-12-14,-7.7
2009-12-15,-4.1
2009-12-16,0.7
2009-12-17,-0.4
2009-12-18,-3.6
2009-12-19,-6.5
2009-12-20,-2
2009-12-21,0.9
2009-12-22,1
2009-12-23,2.9
2009-12-24,3.1
2009-12-25,-1.9
2009-12-26,0.5
2009-12-27,5.6
2009-12-28,5.8
2009-12-29,5.8
2009-12-30,3.4
2009-12-31,-1.5
2010-01-01,-3.1
2010-01-02,-0.7
2010-01-03,2.1
2010-01-04,0.9
2010-01-05,-0.5
2010-01-06,-3.1
2010-01-07,-6.4
2010-01-08,-10.8
2010-01-09,-10.1
2010-01-10,-5.4
2010-01-11,-0.3
2010-01-12,-0.5
2010-01-13,0.4
2010-01-14,0
2010-01-15,4
2010-01-16,4.6
2010-01-17,2.6
2010-01-18,5.7
2010-01-19,4.2
2010-01-20,-0.6
2010-01-21,2.6
2010-01-22,5.7
2010-01-23,2.1
2010-01-24,-0.3
2010-01-25,-3.6
2010-01-26,1.7
2010-01-27,-6.4
2010-01-28,0.6
2010-01-29,-2.3
2010-01-30,-4
2010-01-31,-3.1
2010-02-01,0.8
2010-02-02,4.4
2010-02-03,7.3
2010-02-04,3.1
2010-02-05,-0.4
2010-02-06,-0.6
2010-02-07,4.2
2010-02-08,1.8
2010-02-09,-2.6
2010-02-10,-3.5
2010-02-11,-8.2
2010-02-12,-3.6
2010-02-13,-4.7
2010-02-14,-2.3
2010-02-15,-4.7
2010-02-16,-0.4
2010-02-17,-1
2010-02-18,-1.8
2010-02-19,-4
2010-02-20,-2.3
2010-02-21,-0.3
2010-02-22,0.9
2010-02-23,-0.1
2010-02-24,2.1
2010-02-25,2.7
2010-02-26,1.6
2010-02-27,6.7
2010-02-28,1
2010-03-01,0
2010-03-02,2.4
2010-03-03,0
2010-03-04,0.2
2010-03-05,0.6
2010-03-06,-1.7
2010-03-07,-0.5
2010-03-08,-6
2010-03-09,-4
2010-03-10,-5
2010-03-11,-5.9
2010-03-12,-6.1
2010-03-13,-2.3
2010-03-14,1
2010-03-15,5.8
2010-03-16,4.9
2010-03-17,6.5
2010-03-18,7.7
2010-03-19,6.5
2010-03-20,5.8
2010-03-21,4.1
2010-03-22,7.3
2010-03-23,5.1
2010-03-24,5.6
2010-03-25,0.8
2010-03-26,0.6
2010-03-27,4.4
2010-03-28,8.7
2010-03-29,3.2
2010-03-30,-1.5
2010-03-31,1.4
2010-04-01,-0.3
2010-04-02,4
2010-04-03,-1.5
2010-04-04,1.8
2010-04-05,7.4
2010-04-06,9.1
2010-04-07,3.7
2010-04-08,9.6
2010-04-09,7.8
2010-04-10,8.3
2010-04-11,10.7
2010-04-12,5.8
2010-04-13,0.4
2010-04-14,2.7
2010-04-15,6
2010-04-16,5.9
2010-04-17,4.5
2010-04-18,3.5
2010-04-19,6
2010-04-20,8.6
2010-04-21,9.6
2010-04-22,7
2010-04-23,9.3
2010-04-24,9.7
2010-04-25,11.9
2010-04-26,14.5
2010-04-27,15.6
2010-04-28,14.6
2010-04-29,12
2010-04-30,11.8
2010-05-01,7.6
2010-05-02,9
2010-05-03,1.5
2010-05-04,-3.9
2010-05-05,0.8
2010-05-06,5.1
2010-05-07,3.6
2010-05-08,4
2010-05-09,3.9
2010-05-10,4.5
2010-05-11,4.3
2010-05-12,1.8
2010-05-13,-1.2
2010-05-14,-0.3
2010-05-15,1
2010-05-16,7.1
2010-05-17,11.3
2010-05-18,13.3
2010-05-19,13.6
2010-05-20,14.6
2010-05-21,16.1
2010-05-22,15.4
2010-05-23,15.7
2010-05-24,13.5
2010-05-25,9.9
2010-05-26,10.9
2010-05-27,10.4
2010-05-28,9.1
2010-05-29,12.8
2010-05-30,16.2
2010-05-31,17.6
2010-06-01,17.7
2010-06-02,16.9
2010-06-03,18
2010-06-04,19.2
2010-06-05,18.5
2010-06-06,15.9
2010-06-07,16.1
2010-06-08,11.9
2010-06-09,7.2
2010-06-10,6.4
2010-06-11,4.8
2010-06-12,5.1
2010-06-13,10.3
2010-06-14,9.9
2010-06-15,4.8
2010-06-16,3.3
2010-06-17,10.6
2010-06-18,11.8
2010-06-19,10.8
2010-06-20,9.2
2010-06-21,14.5
2010-06-22,17.1
2010-06-23,19.1
2010-06-24,20.1
2010-06-25,16.2
2010-06-26,15.2
2010-06-27,16.5
2010-06-28,16.6
2010-06-29,15.8
2010-06-30,20.2
2010-07-01,19.3
2010-07-02,15.1
2010-07-03,
2010-07-04,
2010-07-05,
2010-07-06,
2010-07-07,21.9
2010-07-08,22.6
2010-07-09,20.7
2010-07-10,22.6
2010-07-11,23
2010-07-12,21.8
2010-07-13,19.5
2010-07-14,16.9
2010-07-15,19.3
2010-07-16,19
2010-07-17,21.9
2010-07-18,22.8
2010-07-19,23.4
2010-07-20,21.5
2010-07-21,17.1
2010-07-22,16.8
2010-07-23,18.3
2010-07-24,19.3
2010-07-25,19
2010-07-26,21.4
2010-07-27,22.7
2010-07-28,23
2010-07-29,20.7
2010-07-30,21.6
2010-07-31,23.2
2010-08-01,21.9
2010-08-02,19.5
2010-08-03,19.2
2010-08-04,18
2010-08-05,19.3
2010-08-06,20.7
2010-08-07,22.4
2010-08-08,19.9
2010-08-09,20.9
2010-08-10,21
2010-08-11,20.3
2010-08-12,18.2
2010-08-13,14.3
2010-08-14,14.4
2010-08-15,15.7
2010-08-16,16.4
2010-08-17,15.7
2010-08-18,16.7
2010-08-19,16.8
2010-08-20,20.3
2010-08-21,21.3
2010-08-22,21.9
2010-08-23,21.1
2010-08-24,18.4
2010-08-25,22.5
2010-08-26,24.1
2010-08-27,19.3
2010-08-28,20.6
2010-08-29,19.2
2010-08-30,20.1
2010-08-31,20.9
2010-09-01,15.6
2010-09-02,15.2
2010-09-03,18.6
2010-09-04,19.7
2010-09-05,20.1
2010-09-06,18.9
2010-09-07,10.7
2010-09-08,9.5
2010-09-09,14.4
2010-09-10,18.3
2010-09-11,18.5
2010-09-12,19.6
2010-09-13,20.2
2010-09-14,20.3
2010-09-15,20.5
2010-09-16,13.8
2010-09-17,11.6
2010-09-18,9.1
2010-09-19,14
2010-09-20,12.2
2010-09-21,13.6
2010-09-22,13.2
2010-09-23,11.1
2010-09-24,9.8
2010-09-25,9.1
2010-09-26,8.6
2010-09-27,10.2
2010-09-28,11.7
2010-09-29,14.4
2010-09-30,13.2
2010-10-01,14.1
2010-10-02,14.1
2010-10-03,8.7
2010-10-04,6.2
2010-10-05,12.9
2010-10-06,13
2010-10-07,11.1
2010-10-08,10.7
2010-10-09,8.5
2010-10-10,4.5
2010-10-11,4.1
2010-10-12,7
2010-10-13,8.1
2010-10-14,8.9
2010-10-15,7.5
2010-10-16,5.2
2010-10-17,4.6
2010-10-18,5.7
2010-10-19,12.2
2010-10-20,14.3
2010-10-21,11.8
2010-10-22,8.4
2010-10-23,9.2
2010-10-24,8.2
2010-10-25,3.6
2010-10-26,8
2010-10-27,13.3
2010-10-28,13.9
2010-10-29,8.8
2010-10-30,0.9
2010-10-31,
2010-11-01,
2010-11-02,5.8
2010-11-03,10.6
2010-11-04,11.7
2010-11-05,11.8
2010-11-06,9.4
2010-11-07,3.4
2010-11-08,1.8
2010-11-09,-0.5
2010-11-10,-2.3
2010-11-11,2.1
2010-11-12,7.7
2010-11-13,9.7
2010-11-14,4.6
2010-11-15,-2.9
2010-11-16,1.7
2010-11-17,2.9
2010-11-18,-2.4
2010-11-19,-0.7
2010-11-20,-0.3
2010-11-21,-1.7
2010-11-22,-1.6
2010-11-23,-0
2010-11-24,1.3
2010-11-25,-0.2
2010-11-26,-0.4
2010-11-27,-2
2010-11-28,-6.2
2010-11-29,-4.5
2010-11-30,-2.9
2010-12-01,1.3
2010-12-02,
2010-12-03,
2010-12-04,
2010-12-05,
2010-12-06,
2010-12-07,
2010-12-08,
2010-12-09,6.6
2010-12-10,10.8
2010-12-11,12.8
2010-12-12,10.6
2010-12-13,5.7
2010-12-14,3.5
2010-12-15,-1.7
2010-12-16,-0.6
2010-12-17,-1.3
2010-12-18,3.4
2010-12-19,2.4
2010-12-20,0.3
2010-12-21,2.1
2010-12-22,1.7
2010-12-23,-1.5
2010-12-24,-7.7
2010-12-25,-1.5
2010-12-26,8.1
2010-12-27,7.5
2010-12-28,6.7
2010-12-29,7
2010-12-30,-0.9
2010-12-31,0.7
2011-01-01,0.9
2011-01-02,0
2011-01-03,0.9
2011-01-04,0.8
2011-01-05,2.9
2011-01-06,3.5
2011-01-07,2.2
2011-01-08,0.4
2011-01-09,-0
2011-01-10,1.8
2011-01-11,1.6
2011-01-12,6.5
2011-01-13,10.6
2011-01-14,8.3
2011-01-15,7.9
2011-01-16,6.9
2011-01-17,2.2
2011-01-18,3.2
2011-01-19,2.1
2011-01-20,1.1
2011-01-21,-3
2011-01-22,-3.6
2011-01-23,-5
2011-01-24,-0.5
2011-01-25,-0.2
2011-01-26,0
2011-01-27,-4
2011-01-28,-3.1
2011-01-29,-4.4
2011-01-30,-1.9
2011-01-31,-5.8
2011-02-01,-1.9
2011-02-02,2
2011-02-03,
2011-02-04,8
2011-02-05,9.1
2011-02-06,11.3
2011-02-07,7.2
2011-02-08,5.8
2011-02-09,5.7
2011-02-10,5.8
2011-02-11,4.6
2011-02-12,2.2
2011-02-13,0.3
2011-02-14,-2.7
2011-02-15,-1.6
2011-02-16,0.7
2011-02-17,-3
2011-02-18,1.6
2011-02-19,1
2011-02-20,0.7
2011-02-21,0.4
2011-02-22,0.8
2011-02-23,6.4
2011-02-24,8.4
2011-02-25,11.9
2011-02-26,7.8
2011-02-27,1.7
2011-02-28,-4.4
2011-03-01,-4.6
2011-03-02,-4
2011-03-03,-4.1
2011-03-04,-5
2011-03-05,-1.7
2011-03-06,2.1
2011-03-07,3.4
2011-03-08,2.1
2011-03-09,5.2
2011-03-10,5.5
2011-03-11,1.8
2011-03-12,3.7
2011-03-13,0.8
2011-03-14,0.8
2011-03-15,-1
2011-03-16,-0.4
2011-03-17,3.5
2011-03-18,7
2011-03-19,8
2011-03-20,8.7
2011-03-21,5.9
2011-03-22,0.8
2011-03-23,-1.5
2011-03-24,0.4
2011-03-25,4.6
2011-03-26,4.3
2011-03-27,0.5
2011-03-28,0.7
2011-03-29,3.1
2011-03-30,2.9
2011-03-31,11.7
2011-04-01,11.5
2011-04-02,9.4
2011-04-03,6.9
2011-04-04,10.3
2011-04-05,13.5
2011-04-06,13.2
2011-04-07,17.2
2011-04-08,18
2011-04-09,15.9
2011-04-10,10.8
2011-04-11,11.8
2011-04-12,12
2011-04-13,14.1
2011-04-14,12.6
2011-04-15,10.7
2011-04-16,8
2011-04-17,8.9
2011-04-18,9.7
2011-04-19,7.3
2011-04-20,6.9
2011-04-21,5.8
2011-04-22,1.5
2011-04-23,4.3
2011-04-24,5.3
2011-04-25,6.9
2011-04-26,6.2
2011-04-27,10.4
2011-04-28,10.2
2011-04-29,9
2011-04-30,3.1
2011-05-01,6.2
2011-05-02,9.1
2011-05-03,9
2011-05-04,9.4
2011-05-05,9.7
2011-05-06,9.1
2011-05-07,5.7
2011-05-08,11.2
2011-05-09,14.3
2011-05-10,14.3
2011-05-11,15.2
2011-05-12,13.1
2011-05-13,13.1
2011-05-14,14
2011-05-15,11
2011-05-16,11.9
2011-05-17,12.5
2011-05-18,11.5
2011-05-19,7.9
2011-05-20,11.8
2011-05-21,13.3
2011-05-22,12.6
2011-05-23,13.8
2011-05-24,17.1
2011-05-25,16.9
2011-05-26,15.6
2011-05-27,9.3
2011-05-28,14.4
2011-05-29,14.3
2011-05-30,11.4
2011-05-31,10.3
2011-06-01,9.3
2011-06-02,8.3
2011-06-03,10.1
2011-06-04,10.8
2011-06-05,12.7
2011-06-06,8.3
2011-06-07,5
2011-06-08,9.4
2011-06-09,10.4
2011-06-10,9.6
2011-06-11,13
2011-06-12,16.8
2011-06-13,15.6
2011-06-14,17.9
2011-06-15,18
2011-06-16,15.8
2011-06-17,16
2011-06-18,13.1
2011-06-19,18.8
2011-06-20,19.4
2011-06-21,20.5
2011-06-22,17.9
2011-06-23,17.4
2011-06-24,18.7
2011-06-25,21.5
2011-06-26,22.8
2011-06-27,22.5
2011-06-28,21.6
2011-06-29,18
2011-06-30,19.9
2011-07-01,21.5
2011-07-02,20.4
2011-07-03,18
2011-07-04,16.7
2011-07-05,20.6
2011-07-06,18.2
2011-07-07,13.2
2011-07-08,16.5
2011-07-09,17.5
2011-07-10,19.3
2011-07-11,19.8
2011-07-12,17
2011-07-13,9.4
2011-07-14,13.7
2011-07-15,18.1
2011-07-16,20.5
2011-07-17,13.4
2011-07-18,14.4
2011-07-19,12
2011-07-20,17.4
2011-07-21,17.9
2011-07-22,17.3
2011-07-23,15.9
2011-07-24,14.3
2011-07-25,17.3
2011-07-26,18.9
2011-07-27,18.8
2011-07-28,20.1
2011-07-29,21.8
2011-07-30,20.2
2011-07-31,21.4
2011-08-01,19.7
2011-08-02,14.2
2011-08-03,18.7
2011-08-04,20.4
2011-08-05,17.7
2011-08-06,17.7
2011-08-07,18.3
2011-08-08,17.9
2011-08-09,20.4
2011-08-10,22.1
2011-08-11,22.8
2011-08-12,22.9
2011-08-13,19.3
2011-08-14,20.9
2011-08-15,22.1
2011-08-16,22.9
2011-08-17,21.9
2011-08-18,20.7
2011-08-19,23.2
2011-08-20,24.1
2011-08-21,21.4
2011-08-22,15.3
2011-08-23,18
2011-08-24,18.1
2011-08-25,18
2011-08-26,10.3
2011-08-27,15.6
2011-08-28,18.2
2011-08-29,19.3
2011-08-30,18.3
2011-08-31,13
2011-09-01,13.8
2011-09-02,12.1
2011-09-03,11.9
2011-09-04,13.6
2011-09-05,15.3
2011-09-06,18.5
2011-09-07,20.1
2011-09-08,21.5
2011-09-09,20.9
2011-09-10,19.4
2011-09-11,15.6
2011-09-12,20.5
2011-09-13,20.7
2011-09-14,19
2011-09-15,19.1
2011-09-16,19
2011-09-17,17.6
2011-09-18,10.4
2011-09-19,13.4
2011-09-20,19.4
2011-09-21,18.1
2011-09-22,17
2011-09-23,15.5
2011-09-24,14
2011-09-25,16.7
2011-09-26,17
2011-09-27,16.6
2011-09-28,14.6
2011-09-29,14.5
2011-09-30,15.1
2011-10-01,13.2
2011-10-02,15.8
2011-10-03,16.9
2011-10-04,17.7
2011-10-05,17.5
2011-10-06,16.9
2011-10-07,10.3
2011-10-08,11.6
2011-10-09,12.5
2011-10-10,19.1
2011-10-11,19.5
2011-10-12,19.2
2011-10-13,18.8
2011-10-14,17.4
2011-10-15,15.9
2011-10-16,15.6
2011-10-17,13
2011-10-18,13
2011-10-19,11.4
2011-10-20,7.3
2011-10-21,9.7
2011-10-22,9.8
2011-10-23,6.4
2011-10-24,4
2011-10-25,1
2011-10-26,2.7
2011-10-27,2.9
2011-10-28,5.7
2011-10-29,7.8
2011-10-30,10.5
2011-10-31,8.9
2011-11-01,7.8
2011-11-02,5.3
2011-11-03,3.9
2011-11-04,0.7
2011-11-05,-0.8
2011-11-06,0.3
2011-11-07,3.2
2011-11-08,6.9
2011-11-09,6.9
2011-11-10,5.2
2011-11-11,5.7
2011-11-12,9.2
2011-11-13,4.5
2011-11-14,3.2
2011-11-15,2.3
2011-11-16,3.3
2011-11-17,3.1
2011-11-18,2.5
2011-11-19,1.3
2011-11-20,2.6
2011-11-21,3.6
2011-11-22,0.9
2011-11-23,5.9
2011-11-24,5
2011-11-25,5.9
2011-11-26,9.5
2011-11-27,8.2
2011-11-28,7
2011-11-29,5.9
2011-11-30,6.7
2011-12-01,6.4
2011-12-02,2
2011-12-03,1.5
2011-12-04,3.6
2011-12-05,2
2011-12-06,3.6
2011-12-07,8.1
2011-12-08,8.2
2011-12-09,5.7
2011-12-10,3.3
2011-12-11,-1.5
2011-12-12,0.4
2011-12-13,2.5
2011-12-14,2.6
2011-12-15,-0.9
2011-12-16,3.4
2011-12-17,-4.9
2011-12-18,-4.4
2011-12-19,-0.7
2011-12-20,3.6
2011-12-21,7.5
2011-12-22,12.6
2011-12-23,
2011-12-24,
2011-12-25,
2011-12-26,
2011-12-27,2.8
2011-12-28,5.2
2011-12-29,-1.3
2011-12-30,3.4
2011-12-31,5.2
2012-01-01,7
2012-01-02,-0.3
2012-01-03,4.2
2012-01-04,3.1
2012-01-05,8.4
2012-01-06,4.6
2012-01-07,7.3
2012-01-08,8.4
2012-01-09,9.2
2012-01-10,5.3
2012-01-11,5.4
2012-01-12,4.6
2012-01-13,3.5
2012-01-14,0.3
2012-01-15,-1
2012-01-16,-4.4
2012-01-17,3.3
2012-01-18,4.4
2012-01-19,4.6
2012-01-20,3.8
2012-01-21,2.5
2012-01-22,5.8
2012-01-23,6.1
2012-01-24,7
2012-01-25,8.6
2012-01-26,2.2
2012-01-27,-2.6
2012-01-28,-1
2012-01-29,-4.7
2012-01-30,-1
2012-01-31,1.1
2012-02-01,-2.2
2012-02-02,-6.7
2012-02-03,-10.4
2012-02-04,-9.3
2012-02-05,-3.3
2012-02-06,-1.6
2012-02-07,-2.8
2012-02-08,-6.9
2012-02-09,0.4
2012-02-10,-1.6
2012-02-11,-3.4
2012-02-12,-5.8
2012-02-13,-4.2
2012-02-14,-5.5
2012-02-15,-0.5
2012-02-16,-0.5
2012-02-17,2.1
2012-02-18,2
2012-02-19,2.4
2012-02-20,1
2012-02-21,1.9
2012-02-22,5.4
2012-02-23,6.7
2012-02-24,7
2012-02-25,6
2012-02-26,6.9
2012-02-27,8.7
2012-02-28,8.2
2012-02-29,7.6
2012-03-01,6.8
2012-03-02,3.5
2012-03-03,3.5
2012-03-04,0.9
2012-03-05,1.9
2012-03-06,0.5
2012-03-07,2.5
2012-03-08,4.5
2012-03-09,9.3
2012-03-10,7.2
2012-03-11,8.4
2012-03-12,9.4
2012-03-13,11.9
2012-03-14,12
2012-03-15,10.7
2012-03-16,5.9
2012-03-17,4.4
2012-03-18,-1.6
2012-03-19,0.3
2012-03-20,0.1
2012-03-21,-2.3
2012-03-22,4.2
2012-03-23,8.1
2012-03-24,11.2
2012-03-25,9.1
2012-03-26,6.1
2012-03-27,7
2012-03-28,8.2
2012-03-29,8.5
2012-03-30,9.4
2012-03-31,9.4
2012-04-01,9.1
2012-04-02,5.9
2012-04-03,2.1
2012-04-04,1.5
2012-04-05,0.5
2012-04-06,-2.1
2012-04-07,-1.7
2012-04-08,5.6
2012-04-09,9.4
2012-04-10,5.2
2012-04-11,-0.6
2012-04-12,1.4
2012-04-13,-1
2012-04-14,-1.9
2012-04-15,-2.1
2012-04-16,-4.2
2012-04-17,3
2012-04-18,-0.9
2012-04-19,-1.4
2012-04-20,2.2
2012-04-21,3
2012-04-22,4.5
2012-04-23,2.7
2012-04-24,2.2
2012-04-25,4.6
2012-04-26,2.1
2012-04-27,3.3
2012-04-28,-0.2
2012-04-29,0.6
2012-04-30,-0.3
2012-05-01,1.4
2012-05-02,3.2
2012-05-03,2.3
2012-05-04,4.1
2012-05-05,3.4
2012-05-06,5.2
2012-05-07,8.1
2012-05-08,9.5
2012-05-09,14.2
2012-05-10,17.3
2012-05-11,19.3
2012-05-12,20.2
2012-05-13,16.6
2012-05-14,15.3
2012-05-15,14.7
2012-05-16,18
2012-05-17,15.6
2012-05-18,13.5
2012-05-19,6.6
2012-05-20,2.4
2012-05-21,4.2
2012-05-22,9.7
2012-05-23,15
2012-05-24,17.9
2012-05-25,16.7
2012-05-26,11.6
2012-05-27,12.8
2012-05-28,15.2
2012-05-29,16
2012-05-30,17.8
2012-05-31,20.1
2012-06-01,19.7
2012-06-02,16.3
2012-06-03,11.9
2012-06-04,15.5
2012-06-05,18.1
2012-06-06,16.2
2012-06-07,12.5
2012-06-08,10.4
2012-06-09,12.6
2012-06-10,12.7
2012-06-11,9.6
2012-06-12,8.1
2012-06-13,13.5
2012-06-14,16.5
2012-06-15,17.4
2012-06-16,17.4
2012-06-17,18.2
2012-06-18,
2012-06-19,
2012-06-20,15.6
2012-06-21,15.5
2012-06-22,18.4
2012-06-23,20.6
2012-06-24,22.1
2012-06-25,24.2
2012-06-26,25.4
2012-06-27,23.5
2012-06-28,20.7
2012-06-29,16.8
2012-06-30,11.6
2012-07-01,10.8
2012-07-02,17.8
2012-07-03,18.7
2012-07-04,15.6
2012-07-05,12.3
2012-07-06,15.9
2012-07-07,18.9
2012-07-08,18.5
2012-07-09,18.8
2012-07-10,17.9
2012-07-11,17.6
2012-07-12,19.7
2012-07-13,20.3
2012-07-14,14.3
2012-07-15,16.9
2012-07-16,20.5
2012-07-17,23.6
2012-07-18,23.4
2012-07-19,22.4
2012-07-20,19
2012-07-21,19.2
2012-07-22,20.4
2012-07-23,21.9
2012-07-24,22.1
2012-07-25,21.1
2012-07-26,21
2012-07-27,18
2012-07-28,15.7
2012-07-29,19.3
2012-07-30,21.9
2012-07-31,22.8
2012-08-01,21.4
2012-08-02,19.9
2012-08-03,21.1
2012-08-04,19
2012-08-05,14.4
2012-08-06,15.4
2012-08-07,18.8
2012-08-08,21.7
2012-08-09,25.7
2012-08-10,26.1
2012-08-11,25.4
2012-08-12,18.4
2012-08-13,18.5
2012-08-14,18.2
2012-08-15,13.1
2012-08-16,19.2
2012-08-17,24.7
2012-08-18,23.8
2012-08-19,22.6
2012-08-20,23.9
2012-08-21,24.1
2012-08-22,23.7
2012-08-23,21.2
2012-08-24,17.8
2012-08-25,15.5
2012-08-26,19.5
2012-08-27,19.4
2012-08-28,20.4
2012-08-29,17.9
2012-08-30,14.7
2012-08-31,14.4
2012-09-01,14.2
2012-09-02,14.8
2012-09-03,15.1
2012-09-04,16.3
2012-09-05,16.2
2012-09-06,18.6
2012-09-07,19.1
2012-09-08,17.5
2012-09-09,16.2
2012-09-10,15.6
2012-09-11,17.8
2012-09-12,17.3
2012-09-13,13.8
2012-09-14,18.4
2012-09-15,22.1
2012-09-16,20.6
2012-09-17,18.2
2012-09-18,16.6
2012-09-19,15.8
2012-09-20,15.6
2012-09-21,16.3
2012-09-22,17
2012-09-23,13.2
2012-09-24,10.2
2012-09-25,8.3
2012-09-26,4.5
2012-09-27,5.5
2012-09-28,7.9
2012-09-29,6.1
2012-09-30,6.8
2012-10-01,10.7
2012-10-02,12.8
2012-10-03,13.4
2012-10-04,14.4
2012-10-05,15.6
2012-10-06,13.2
2012-10-07,18.1
2012-10-08,16.6
2012-10-09,15.6
2012-10-10,14.5
2012-10-11,8.2
2012-10-12,6.7
2012-10-13,8.1
2012-10-14,5
2012-10-15,5.3
2012-10-16,10.4
2012-10-17,8.2
2012-10-18,8.1
2012-10-19,4.9
2012-10-20,5.5
2012-10-21,2.6
2012-10-22,10.1
2012-10-23,12.8
2012-10-24,8.6
2012-10-25,5.6
2012-10-26,6.6
2012-10-27,3.2
2012-10-28,-0.6
2012-10-29,5.7
2012-10-30,0.7
2012-10-31,3.8
2012-11-01,2.3
2012-11-02,5
2012-11-03,7.6
2012-11-04,6.4
2012-11-05,-1.4
2012-11-06,2.4
2012-11-07,3.1
2012-11-08,4.7
2012-11-09,4.5
2012-11-10,0.7
2012-11-11,-2.5
2012-11-12,4.2
2012-11-13,7
2012-11-14,8.1
2012-11-15,4.6
2012-11-16,3.4
2012-11-17,2.6
2012-11-18,2.2
2012-11-19,4.5
2012-11-20,6.9
2012-11-21,3.5
2012-11-22,4.7
2012-11-23,4.6
2012-11-24,6.3
2012-11-25,8.2
2012-11-26,3.4
2012-11-27,-5.3
2012-11-28,-4.1
2012-11-29,-5.1
2012-11-30,-2.6
2012-12-01,-2.2
2012-12-02,-2.3
2012-12-03,1.8
2012-12-04,-1.6
2012-12-05,-4.2
2012-12-06,1.1
2012-12-07,0.9
2012-12-08,-0.9
2012-12-09,6.6
2012-12-10,2.5
2012-12-11,7.3
2012-12-12,2.5
2012-12-13,1.4
2012-12-14,3.3
2012-12-15,2.5
2012-12-16,3.3
2012-12-17,0.8
2012-12-18,3.4
2012-12-19,3.6
2012-12-20,2.1
2012-12-21,3.5
2012-12-22,10.2
2012-12-23,12.6
2012-12-24,8.2
2012-12-25,3.4
2012-12-26,3.4
2012-12-27,3.2
2012-12-28,7.1
2012-12-29,4.4
2012-12-30,-2.8
2012-12-31,3
2013-01-01,-1.7
2013-01-02,0.8
2013-01-03,3.4
2013-01-04,8.3
2013-01-05,7.9
2013-01-06,12.8
2013-01-07,11.1
2013-01-08,8.4
2013-01-09,0.4
2013-01-10,0.2
2013-01-11,-0
2013-01-12,-1.6
2013-01-13,-4.6
2013-01-14,-4.5
2013-01-15,-3.9
2013-01-16,-0.5
2013-01-17,0.9
2013-01-18,2.2
2013-01-19,1.2
2013-01-20,-1.6
2013-01-21,-3.2
2013-01-22,-5.3
2013-01-23,-1.6
2013-01-24,-1.6
2013-01-25,-0.3
2013-01-26,2.8
2013-01-27,3.2
2013-01-28,5.4
2013-01-29,6.8
2013-01-30,6.9
2013-01-31,9
2013-02-01,5.8
2013-02-02,-1.2
2013-02-03,-2.6
2013-02-04,3.7
2013-02-05,4.6
2013-02-06,-5.3
2013-02-07,-5.2
2013-02-08,-4.7
2013-02-09,-4.1
2013-02-10,-1.2
2013-02-11,-6.6
2013-02-12,-4.2
2013-02-13,-0.4
2013-02-14,5.7
2013-02-15,5.8
2013-02-16,6.1
2013-02-17,2.5
2013-02-18,1.3
2013-02-19,-0.5
2013-02-20,2.7
2013-02-21,0.9
2013-02-22,-1.5
2013-02-23,-4.6
2013-02-24,-7.1
2013-02-25,-6.4
2013-02-26,-3.4
2013-02-27,-6.6
2013-02-28,-5.3
2013-03-01,-1.1
2013-03-02,2.2
2013-03-03,0.7
2013-03-04,-1.6
2013-03-05,0.4
2013-03-06,3.3
2013-03-07,4
2013-03-08,0.2
2013-03-09,2.3
2013-03-10,0.7
2013-03-11,-0.8
2013-03-12,-0.7
2013-03-13,-7.1
2013-03-14,-4.8
2013-03-15,2.1
2013-03-16,-1
2013-03-17,1.1
2013-03-18,-1.7
2013-03-19,2.7
2013-03-20,1.6
2013-03-21,6.4
2013-03-22,1.5
2013-03-23,1.7
2013-03-24,-0.3
2013-03-25,2
2013-03-26,2.1
2013-03-27,3.4
2013-03-28,3.1
2013-03-29,4.4
2013-03-30,2.6
2013-03-31,4.4
2013-04-01,-0.7
2013-04-02,-1.1
2013-04-03,1
2013-04-04,1.2
2013-04-05,-2.3
2013-04-06,-4.9
2013-04-07,1.8
2013-04-08,-0.4
2013-04-09,2.9
2013-04-10,6.7
2013-04-11,4.2
2013-04-12,5.8
2013-04-13,9.8
2013-04-14,10.7
2013-04-15,11.7
2013-04-16,14
2013-04-17,14.8
2013-04-18,13.6
2013-04-19,5.7
2013-04-20,7.7
2013-04-21,8.1
2013-04-22,4.8
2013-04-23,8.5
2013-04-24,8.9
2013-04-25,9.1
2013-04-26,5.3
2013-04-27,1.4
2013-04-28,-2.2
2013-04-29,-1.4
2013-04-30,3.1
2013-05-01,1.4
2013-05-02,3.9
2013-05-03,5.1
2013-05-04,8.2
2013-05-05,9.7
2013-05-06,10.7
2013-05-07,9.7
2013-05-08,10.1
2013-05-09,9
2013-05-10,9.9
2013-05-11,9.4
2013-05-12,10.6
2013-05-13,12
2013-05-14,9.6
2013-05-15,2.1
2013-05-16,1
2013-05-17,-0.7
2013-05-18,-1.9
2013-05-19,0
2013-05-20,3.2
2013-05-21,2.2
2013-05-22,7.2
2013-05-23,8.2
2013-05-24,7.4
2013-05-25,9.3
2013-05-26,9.8
2013-05-27,5.4
2013-05-28,3.4
2013-05-29,2.4
2013-05-30,4.5
2013-05-31,4.8
2013-06-01,8.4
2013-06-02,10.6
2013-06-03,11.7
2013-06-04,13.6
2013-06-05,13.1
2013-06-06,10.8
2013-06-07,5.3
2013-06-08,4.5
2013-06-09,5
2013-06-10,10.3
2013-06-11,12.7
2013-06-12,17.8
2013-06-13,17.9
2013-06-14,18.2
2013-06-15,19.4
2013-06-16,18.9
2013-06-17,13.4
2013-06-18,6.2
2013-06-19,3.7
2013-06-20,11.4
2013-06-21,12.1
2013-06-22,16
2013-06-23,15.4
2013-06-24,17.4
2013-06-25,18
2013-06-26,18
2013-06-27,17.3
2013-06-28,17
2013-06-29,18.1
2013-06-30,20.1
2013-07-01,18
2013-07-02,18.6
2013-07-03,19
2013-07-04,22.1
2013-07-05,21.9
2013-07-06,23.2
2013-07-07,23.1
2013-07-08,22.7
2013-07-09,23
2013-07-10,21.3
2013-07-11,19.9
2013-07-12,20.5
2013-07-13,18.5
2013-07-14,18.8
2013-07-15,18.4
2013-07-16,19.1
2013-07-17,18
2013-07-18,18.6
2013-07-19,19.9
2013-07-20,19.9
2013-07-21,18.2
2013-07-22,19.2
2013-07-23,19
2013-07-24,20.9
2013-07-25,20.4
2013-07-26,18.4
2013-07-27,13.4
2013-07-28,11.3
2013-07-29,15.6
2013-07-30,21.1
2013-07-31,21.9
2013-08-01,22.4
2013-08-02,19.4
2013-08-03,19.8
2013-08-04,20.9
2013-08-05,20.7
2013-08-06,17
2013-08-07,14.4
2013-08-08,15.9
2013-08-09,20.1
2013-08-10,21.6
2013-08-11,23.1
2013-08-12,20.9
2013-08-13,19.3
2013-08-14,21.7
2013-08-15,20.6
2013-08-16,21.1
2013-08-17,19.8
2013-08-18,21.4
2013-08-19,22.2
2013-08-20,22.4
2013-08-21,23.7
2013-08-22,21.5
2013-08-23,21.7
2013-08-24,19.4
2013-08-25,17.9
2013-08-26,16.8
2013-08-27,16.3
2013-08-28,15.2
2013-08-29,13.2
2013-08-30,15.2
2013-08-31,16.7
2013-09-01,18.9
2013-09-02,19.1
2013-09-03,20.2
2013-09-04,18.4
2013-09-05,14.9
2013-09-06,12.9
2013-09-07,14.1
2013-09-08,13.3
2013-09-09,15.6
2013-09-10,16.2
2013-09-11,11.9
2013-09-12,14.8
2013-09-13,16.7
2013-09-14,16.6
2013-09-15,15.6
2013-09-16,16
2013-09-17,15
2013-09-18,14.9
2013-09-19,15.6
2013-09-20,16.4
2013-09-21,17.6
2013-09-22,17.7
2013-09-23,17.6
2013-09-24,18.1
2013-09-25,15.9
2013-09-26,16.1
2013-09-27,12.5
2013-09-28,7.1
2013-09-29,8
2013-09-30,10.7
2013-10-01,15.1
2013-10-02,14.6
2013-10-03,11.7
2013-10-04,10.1
2013-10-05,10.3
2013-10-06,11.4
2013-10-07,13
2013-10-08,12.5
2013-10-09,12.8
2013-10-10,11.8
2013-10-11,9.5
2013-10-12,10.6
2013-10-13,8.5
2013-10-14,10
2013-10-15,8.1
2013-10-16,11.5
2013-10-17,14.3
2013-10-18,12.7
2013-10-19,8.3
2013-10-20,8.1
2013-10-21,7.1
2013-10-22,5.8
2013-10-23,8.1
2013-10-24,8.1
2013-10-25,7.1
2013-10-26,7.3
2013-10-27,12
2013-10-28,10.6
2013-10-29,0.3
2013-10-30,3.4
2013-10-31,7.2
2013-11-01,7.3
2013-11-02,10.8
2013-11-03,8.2
2013-11-04,4.9
2013-11-05,6
2013-11-06,12.9
2013-11-07,10.7
2013-11-08,4.9
2013-11-09,1
2013-11-10,3.6
2013-11-11,9.4
2013-11-12,10.7
2013-11-13,6.1
2013-11-14,5.4
2013-11-15,-2.1
2013-11-16,-4.1
2013-11-17,-1.7
2013-11-18,-2.7
2013-11-19,-1.3
2013-11-20,-5
2013-11-21,-5
2013-11-22,-3.1
2013-11-23,-1.7
2013-11-24,-1.6
2013-11-25,0.8
2013-11-26,0.4
2013-11-27,0.4
2013-11-28,-3.1
2013-11-29,0.6
2013-11-30,2.1
2013-12-01,-0.3
2013-12-02,2.8
2013-12-03,3.7
2013-12-04,5.1
2013-12-05,4.3
2013-12-06,6.8
2013-12-07,5.9
2013-12-08,7.1
2013-12-09,3.5
2013-12-10,6.7
2013-12-11,5.2
2013-12-12,7.7
2013-12-13,4.1
2013-12-14,4.4
2013-12-15,5.8
2013-12-16,4.9
2013-12-17,1.3
2013-12-18,2.5
2013-12-19,3.1
2013-12-20,-3.8
2013-12-21,4.4
2013-12-22,3.2
2013-12-23,3.1
2013-12-24,0.2
2013-12-25,-0.6
2013-12-26,-0.4
2013-12-27,3.2
2013-12-28,0.9
2013-12-29,-1.6
2013-12-30,0.4
2013-12-31,0.7
2014-01-01,-0.2
2014-01-02,4
2014-01-03,3.3
2014-01-04,1.2
2014-01-05,1.7
2014-01-06,4.6
2014-01-07,5
2014-01-08,5.8
2014-01-09,8.3
2014-01-10,7
2014-01-11,6.7
2014-01-12,4.5
2014-01-13,-0.6
2014-01-14,0.3
2014-01-15,1
2014-01-16,-0.7
2014-01-17,-3.6
2014-01-18,-2.4
2014-01-19,-5.2
2014-01-20,-4.6
2014-01-21,-1.6
2014-01-22,-1.6
2014-01-23,-1.6
2014-01-24,0
2014-01-25,0.9
2014-01-26,4.3
2014-01-27,-0.4
2014-01-28,-2.2
2014-01-29,-5.2
2014-01-30,-4.1
2014-01-31,-0.8
2014-02-01,-0
2014-02-02,-3.6
2014-02-03,-3.9
2014-02-04,-1.7
2014-02-05,-1.1
2014-02-06,2.1
2014-02-07,-2.4
2014-02-08,-0.7
2014-02-09,-0.5
2014-02-10,-3.2
2014-02-11,-1.9
2014-02-12,1.4
2014-02-13,2.2
2014-02-14,2.4
2014-02-15,-1.5
2014-02-16,-0.8
2014-02-17,0.9
2014-02-18,-3
2014-02-19,2.5
2014-02-20,0.9
2014-02-21,-2.8
2014-02-22,-2.2
2014-02-23,1.5
2014-02-24,-1
2014-02-25,0.8
2014-02-26,-4.9
2014-02-27,-0.5
2014-02-28,-0.3
2014-03-01,1.4
2014-03-02,1.5
2014-03-03,-1.5
2014-03-04,-1.6
2014-03-05,7.2
2014-03-06,10
2014-03-07,8.5
2014-03-08,8.3
2014-03-09,7.1
2014-03-10,8.1
2014-03-11,7
2014-03-12,5.2
2014-03-13,2
2014-03-14,4.4
2014-03-15,7
2014-03-16,11
2014-03-17,11
2014-03-18,9.7
2014-03-19,9.3
2014-03-20,7.6
2014-03-21,
2014-03-22,-1.1
2014-03-23,-1
2014-03-24,2
2014-03-25,-2.6
2014-03-26,-3.8
2014-03-27,-1.3
2014-03-28,0.5
2014-03-29,-0.3
2014-03-30,0.3
2014-03-31,1.8
2014-04-01,3.2
2014-04-02,1.6
2014-04-03,-0.6
2014-04-04,1.9
2014-04-05,5.6
2014-04-06,11
2014-04-07,11.2
2014-04-08,12.2
2014-04-09,13.9
2014-04-10,13.4
2014-04-11,12
2014-04-12,8.6
2014-04-13,12.3
2014-04-14,10.6
2014-04-15,10.9
2014-04-16,12.7
2014-04-17,13.6
2014-04-18,13.3
2014-04-19,12.1
2014-04-20,5.6
2014-04-21,2.5
2014-04-22,4.1
2014-04-23,5.7
2014-04-24,4.3
2014-04-25,1.8
2014-04-26,4.5
2014-04-27,4.8
2014-04-28,8.5
2014-04-29,8.4
2014-04-30,8.8
2014-05-01,10.5
2014-05-02,7.3
2014-05-03,10.1
2014-05-04,11.9
2014-05-05,14.2
2014-05-06,14.7
2014-05-07,13.8
2014-05-08,14.6
2014-05-09,15.6
2014-05-10,15.2
2014-05-11,12.1
2014-05-12,14
2014-05-13,9.4
2014-05-14,13
2014-05-15,13.8
2014-05-16,14
2014-05-17,12
2014-05-18,12
2014-05-19,7.1
2014-05-20,3.4
2014-05-21,2.1
2014-05-22,2.7
2014-05-23,4.5
2014-05-24,7.6
2014-05-25,7
2014-05-26,6.9
2014-05-27,7.3
2014-05-28,3.3
2014-05-29,5.7
2014-05-30,7.8
2014-05-31,5.3
2014-06-01,9.4
2014-06-02,12
2014-06-03,14.5
2014-06-04,11.4
2014-06-05,13.1
2014-06-06,12.7
2014-06-07,11.3
2014-06-08,14.4
2014-06-09,14.4
2014-06-10,14.5
2014-06-11,15.8
2014-06-12,18
2014-06-13,19.2
2014-06-14,16.7
2014-06-15,15.1
2014-06-16,11.7
2014-06-17,14.5
2014-06-18,16.4
2014-06-19,16.8
2014-06-20,15.5
2014-06-21,13.6
2014-06-22,13.9
2014-06-23,14.4
2014-06-24,8.5
2014-06-25,8.4
