,TMEAN
2005-01-01,6.847
2005-01-02,3.069
2005-01-03,1.286
2005-01-04,0.532
2005-01-05,3.702
2005-01-06,5.658
2005-01-07,6.502
2005-01-08,5.660
2005-01-09,4.282
2005-01-10,2.941
2005-01-11,3.209
2005-01-12,1.051
2005-01-13,2.789
2005-01-14,3.470
2005-01-15,2.084
2005-01-16,3.848
2005-01-17,3.490
2005-01-18,0.011
2005-01-19,-1.422
2005-01-20,4.091
2005-01-21,7.665
2005-01-22,5.739
2005-01-23,4.973
2005-01-24,-2.578
2005-01-25,-8.915
2005-01-26,-10.883
2005-01-27,-11.529
2005-01-28,-7.546
2005-01-29,-4.768
2005-01-30,-4.188
2005-01-31,-1.492
2005-02-01,1.445
2005-02-02,2.157
2005-02-03,1.565
2005-02-04,-1.198
2005-02-05,
2005-02-06,
2005-02-07,
2005-02-08,
2005-02-09,
2005-02-10,
2005-02-11,
2005-02-12,
2005-02-13,-2.27
2005-02-14,-4.787
2005-02-15,-6.332
2005-02-16,-7.663
2005-02-17,-5.719
2005-02-18,-2.956
2005-02-19,-2.570
2005-02-20,-3.953
2005-02-21,-8.091
2005-02-22,-5.205
2005-02-23,-5.174
2005-02-24,-5.726
2005-02-25,-7.954
2005-02-26,-7.212
2005-02-27,-6.695
2005-02-28,-10.209
2005-03-01,-8.939
2005-03-02,-5.561
2005-03-03,-6.913
2005-03-04,-8.296
2005-03-05,-4.184
2005-03-06,-6.141
2005-03-07,-5.563
2005-03-08,0.813
2005-03-09,4.001
2005-03-10,5.469
2005-03-11,4.267
2005-03-12,3.818
2005-03-13,4.733
2005-03-14,4.321
2005-03-15,6.534
2005-03-16,6.891
2005-03-17,7.124
2005-03-18,6.373
2005-03-19,7.327
2005-03-20,8.667
2005-03-21,7.273
2005-03-22,5.522
2005-03-23,3.824
2005-03-24,3.459
2005-03-25,3.837
2005-03-26,2.453
2005-03-27,0.051
2005-03-28,2.286
2005-03-29,3.179
2005-03-30,3.077
2005-03-31,8.613
2005-04-01,8.398
2005-04-02,2.878
2005-04-03,3.191
2005-04-04,3.844
2005-04-05,5.540
2005-04-06,6.748
2005-04-07,7.610
2005-04-08,0.598
2005-04-09,-5.041
2005-04-10,-0.731
2005-04-11,0.951
2005-04-12,4.210
2005-04-13,6.018
2005-04-14,4.002
2005-04-15,-3.070
2005-04-16,-2.736
2005-04-17,2.303
2005-04-18,2.071
2005-04-19,-0.114
2005-04-20,1.027
2005-04-21,5.054
2005-04-22,7.864
2005-04-23,6.360
2005-04-24,1.948
2005-04-25,4.786
2005-04-26,8.654
2005-04-27,10.955
2005-04-28,12.927
2005-04-29,13.704
2005-04-30,13.210
2005-05-01,12.017
2005-05-02,9.594
2005-05-03,8.602
2005-05-04,8.803
2005-05-05,6.857
2005-05-06,9.880
2005-05-07,13.021
2005-05-08,12.254
2005-05-09,11.407
2005-05-10,7.108
2005-05-11,6.616
2005-05-12,5.791
2005-05-13,3.875
2005-05-14,3.811
2005-05-15,4.182
2005-05-16,2.973
2005-05-17,1.469
2005-05-18,6.015
2005-05-19,12.675
2005-05-20,15.048
2005-05-21,10.642
2005-05-22,4.744
2005-05-23,8.199
2005-05-24,13.980
2005-05-25,17.098
2005-05-26,18.440
2005-05-27,16.814
2005-05-28,16.987
2005-05-29,11.721
2005-05-30,11.279
2005-05-31,10.492
2005-06-01,12.023
2005-06-02,13.772
2005-06-03,14.094
2005-06-04,16.097
2005-06-05,17.022
2005-06-06,17.285
2005-06-07,15.898
2005-06-08,17.314
2005-06-09,17.744
2005-06-10,15.367
2005-06-11,16.712
2005-06-12,14.751
2005-06-13,10.382
2005-06-14,9.851
2005-06-15,14.054
2005-06-16,17.332
2005-06-17,19.621
2005-06-18,17.797
2005-06-19,18.962
2005-06-20,17.047
2005-06-21,19.097
2005-06-22,18.426
2005-06-23,14.803
2005-06-24,15.771
2005-06-25,16.213
2005-06-26,17.405
2005-06-27,18.003
2005-06-28,13.942
2005-06-29,11.091
2005-06-30,13.136
2005-07-01,15.567
2005-07-02,19.533
2005-07-03,21.553
2005-07-04,16.545
2005-07-05,14.779
2005-07-06,17.296
2005-07-07,17.428
2005-07-08,16.317
2005-07-09,15.862
2005-07-10,15.835
2005-07-11,17.470
2005-07-12,18.674
2005-07-13,20.152
2005-07-14,21.311
2005-07-15,20.990
2005-07-16,21.505
2005-07-17,18.543
2005-07-18,12.264
2005-07-19,18.618
2005-07-20,21.860
2005-07-21,22.033
2005-07-22,19.855
2005-07-23,19.457
2005-07-24,18.215
2005-07-25,16.053
2005-07-26,16.493
2005-07-27,14.933
2005-07-28,13.776
2005-07-29,11.301
2005-07-30,12.838
2005-07-31,15.965
2005-08-01,14.127
2005-08-02,12.246
2005-08-03,15.434
2005-08-04,18.942
2005-08-05,21.010
2005-08-06,22.183
2005-08-07,23.810
2005-08-08,23.319
2005-08-09,19.542
2005-08-10,11.273
2005-08-11,13.280
2005-08-12,16.396
2005-08-13,18.593
2005-08-14,20.651
2005-08-15,21.758
2005-08-16,18.619
2005-08-17,18.008
2005-08-18,18.097
2005-08-19,14.969
2005-08-20,11.006
2005-08-21,7.856
2005-08-22,11.624
2005-08-23,14.690
2005-08-24,17.345
2005-08-25,18.688
2005-08-26,18.031
2005-08-27,16.708
2005-08-28,18.149
2005-08-29,19.593
2005-08-30,21.017
2005-08-31,19.934
2005-09-01,17.186
2005-09-02,18.267
2005-09-03,18.803
2005-09-04,18.494
2005-09-05,11.235
2005-09-06,7.500
2005-09-07,7.086
2005-09-08,9.633
2005-09-09,12.449
2005-09-10,6.624
2005-09-11,6.119
2005-09-12,8.003
2005-09-13,10.355
2005-09-14,13.685
2005-09-15,15.705
2005-09-16,14.899
2005-09-17,6.181
2005-09-18,3.743
2005-09-19,10.092
2005-09-20,13.129
2005-09-21,14.062
2005-09-22,15.243
2005-09-23,15.601
2005-09-24,14.858
2005-09-25,10.886
2005-09-26,10.331
2005-09-27,12.001
2005-09-28,13.220
2005-09-29,13.472
2005-09-30,15.568
2005-10-01,14.855
2005-10-02,6.929
2005-10-03,6.353
2005-10-04,9.265
2005-10-05,10.645
2005-10-06,11.317
2005-10-07,11.399
2005-10-08,13.028
2005-10-09,13.010
2005-10-10,10.469
2005-10-11,9.571
2005-10-12,8.390
2005-10-13,1.694
2005-10-14,2.490
2005-10-15,3.544
2005-10-16,7.933
2005-10-17,7.525
2005-10-18,6.403
2005-10-19,7.085
2005-10-20,7.235
2005-10-21,7.605
2005-10-22,6.988
2005-10-23,5.042
2005-10-24,8.583
2005-10-25,9.972
2005-10-26,9.735
2005-10-27,8.379
2005-10-28,8.063
2005-10-29,8.322
2005-10-30,8.655
2005-10-31,5.417
2005-11-01,5.812
2005-11-02,8.049
2005-11-03,7.856
2005-11-04,1.130
2005-11-05,3.190
2005-11-06,7.965
2005-11-07,8.198
2005-11-08,5.941
2005-11-09,-1.161
2005-11-10,1.112
2005-11-11,3.386
2005-11-12,1.560
2005-11-13,-2.80
2005-11-14,-0.207000002264977
2005-11-15,0.48
2005-11-16,1.789
2005-11-17,2.546
2005-11-18,1.739
2005-11-19,2.661
2005-11-20,2.558
2005-11-21,2.430
2005-11-22,5.623
2005-11-23,3.258
2005-11-24,-3.705
2005-11-25,-2.174
2005-11-26,-6.702
2005-11-27,-5.465
2005-11-28,-3.494
2005-11-29,-3.407
2005-11-30,-2.464
2005-12-01,-0.435
2005-12-02,0.126
2005-12-03,-1.090
2005-12-04,1.045
2005-12-05,-1.464
2005-12-06,-2.141
2005-12-07,0.739
2005-12-08,1.901
2005-12-09,2.050
2005-12-10,2.326
2005-12-11,3.221
2005-12-12,-1.369
2005-12-13,-2.485
2005-12-14,-3.250
2005-12-15,-2.766
2005-12-16,2.562
2005-12-17,1.649
2005-12-18,-0.358
2005-12-19,0.403
2005-12-20,-2.131
2005-12-21,-1.183
2005-12-22,1.878
2005-12-23,3.784
2005-12-24,1.957
2005-12-25,0.854
2005-12-26,0.534
2005-12-27,-0.728
2005-12-28,-5.854
2005-12-29,-3.433
2005-12-30,2.29
2005-12-31,0.93
2006-01-01,-2.78
2006-01-02,-2.30
2006-01-03,-1.354
2006-01-04,0.151
2006-01-05,-0.807
2006-01-06,-2.133
2006-01-07,-2.627
2006-01-08,
2006-01-09,
2006-01-10,
2006-01-11,
2006-01-12,
2006-01-13,
2006-01-14,
2006-01-15,
2006-01-16,
2006-01-17,
2006-01-18,
2006-01-19,7.602
2006-01-20,5.683
2006-01-21,5.351
2006-01-22,4.419
2006-01-23,1.917
2006-01-24,0.828
2006-01-25,-3.132
2006-01-26,0.199
2006-01-27,-8.209
2006-01-28,-9.517
2006-01-29,-8.217
2006-01-30,-7.436
2006-01-31,
2006-02-01,
2006-02-02,
2006-02-03,
2006-02-04,
2006-02-05,
2006-02-06,
2006-02-07,
2006-02-08,
2006-02-09,
2006-02-10,
2006-02-11,
2006-02-12,
2006-02-13,7.341
2006-02-14,4.983
2006-02-15,3.102
2006-02-16,1.235
2006-02-17,-0.525
2006-02-18,-0.633
2006-02-19,-4.062
2006-02-20,-4.433
2006-02-21,-4.941
2006-02-22,-6.003
2006-02-23,-6.221
2006-02-24,-5.960
2006-02-25,-4.188
2006-02-26,-5.041
2006-02-27,-3.172
2006-02-28,-0.564
2006-03-01,-2.386
2006-03-02,-3.073
2006-03-03,-0.356
2006-03-04,0.543
2006-03-05,-6.760
2006-03-06,-4.101
2006-03-07,0.982
2006-03-08,5.297
2006-03-09,1.836
2006-03-10,-2.173
2006-03-11,1.355
2006-03-12,4.712
2006-03-13,8.948
2006-03-14,8.650
2006-03-15,8.971
2006-03-16,
2006-03-17,
2006-03-18,
2006-03-19,
2006-03-20,
2006-03-21,
2006-03-22,
2006-03-23,
2006-03-24,
2006-03-25,
2006-03-26,
2006-03-27,
2006-03-28,
2006-03-29,
2006-03-30,
2006-03-31,
2006-04-01,
2006-04-02,
2006-04-03,
2006-04-04,
2006-04-05,
2006-04-06,
2006-04-07,
2006-04-08,
2006-04-09,
2006-04-10,
2006-04-11,
2006-04-12,
2006-04-13,
2006-04-14,
2006-04-15,
2006-04-16,
2006-04-17,
2006-04-18,
2006-04-19,
2006-04-20,
2006-04-21,
2006-04-22,
2006-04-23,
2006-04-24,
2006-04-25,12.411
2006-04-26,11.475
2006-04-27,11.267
2006-04-28,7.732
2006-04-29,6.106
2006-04-30,7.473
2006-05-01,8.593
2006-05-02,10.624
2006-05-03,8.084
2006-05-04,6.826
2006-05-05,6.496
2006-05-06,7.438
2006-05-07,6.538
2006-05-08,3.255
2006-05-09,7.798
2006-05-10,10.666
2006-05-11,10.982
2006-05-12,10.908
2006-05-13,11.910
2006-05-14,13.521
2006-05-15,15.255
2006-05-16,16.691
2006-05-17,18.787
2006-05-18,13.661
2006-05-19,10.622
2006-05-20,8.597
2006-05-21,11.190
2006-05-22,4.444
2006-05-23,4.092
2006-05-24,7.466
2006-05-25,11.882
2006-05-26,12.509
2006-05-27,15.575
2006-05-28,16.435
2006-05-29,16.689
2006-05-30,14.028
2006-05-31,8.248
2006-06-01,8.435
2006-06-02,11.085
2006-06-03,11.217
2006-06-04,12.781
2006-06-05,15.594
2006-06-06,17.202
2006-06-07,19.921
2006-06-08,19.738
2006-06-09,14.444
2006-06-10,12.401
2006-06-11,15.601
2006-06-12,14.550
2006-06-13,13.435
2006-06-14,14.064
2006-06-15,12.619
2006-06-16,11.444
2006-06-17,10.363
2006-06-18,12.409
2006-06-19,15.078
2006-06-20,13.351
2006-06-21,16.106
2006-06-22,18.634
2006-06-23,20.125
2006-06-24,15.878
2006-06-25,13.094
2006-06-26,15.015
2006-06-27,16.806
2006-06-28,15.402
2006-06-29,16.815
2006-06-30,18.169
2006-07-01,17.328
2006-07-02,16.784
2006-07-03,14.930
2006-07-04,15.729
2006-07-05,10.65
2006-07-06,
2006-07-07,
2006-07-08,
2006-07-09,
2006-07-10,
2006-07-11,
2006-07-12,
2006-07-13,
2006-07-14,
2006-07-15,
2006-07-16,
2006-07-17,
2006-07-18,
2006-07-19,
2006-07-20,19.866
2006-07-21,20.060
2006-07-22,18.319
2006-07-23,20.092
2006-07-24,21.019
2006-07-25,20.384
2006-07-26,20.278
2006-07-27,17.035
2006-07-28,15.210
2006-07-29,18.424
2006-07-30,20.199
2006-07-31,18.365
2006-08-01,18.198
2006-08-02,19.724
2006-08-03,16.915
2006-08-04,15.869
2006-08-05,17.938
2006-08-06,17.485
2006-08-07,17.723
2006-08-08,14.497
2006-08-09,15.841
2006-08-10,18.541
2006-08-11,18.471
2006-08-12,16.515
2006-08-13,14.652
2006-08-14,16.918
2006-08-15,14.906
2006-08-16,9.228
2006-08-17,7.463
2006-08-18,7.281
2006-08-19,8.916
2006-08-20,12.822
2006-08-21,16.167
2006-08-22,18.613
2006-08-23,17.783
2006-08-24,15.178
2006-08-25,15.085
2006-08-26,13.992
2006-08-27,15.140
2006-08-28,17.682
2006-08-29,17.812
2006-08-30,17.669
2006-08-31,19.615
2006-09-01,21.215
2006-09-02,20.968
2006-09-03,22.275
2006-09-04,22.034
2006-09-05,20.665
2006-09-06,18.774
2006-09-07,17.407
2006-09-08,19.404
2006-09-09,19.30
2006-09-10,17.877
2006-09-11,16.678
2006-09-12,12.33
2006-09-13,12.054
2006-09-14,5.617
2006-09-15,4.475
2006-09-16,6.424
2006-09-17,11.016
2006-09-18,12.585
2006-09-19,14.667
2006-09-20,15.008
2006-09-21,10.381
2006-09-22,7.258
2006-09-23,7.068
2006-09-24,6.340
2006-09-25,7.941
2006-09-26,12.072
2006-09-27,14.746
2006-09-28,11.811
2006-09-29,12.067
2006-09-30,12.46
2006-10-01,13.016
2006-10-02,15.252
2006-10-03,5.33
2006-10-04,4.71
2006-10-05,8.914
2006-10-06,
2006-10-07,
2006-10-08,
2006-10-09,
2006-10-10,
2006-10-11,
2006-10-12,
2006-10-13,
2006-10-14,
2006-10-15,
2006-10-16,
2006-10-17,
2006-10-18,
2006-10-19,
2006-10-20,
2006-10-21,
2006-10-22,
2006-10-23,
2006-10-24,
2006-10-25,
2006-10-26,
2006-10-27,
2006-10-28,
2006-10-29,
2006-10-30,
2006-10-31,
2006-11-01,
2006-11-02,
2006-11-03,
2006-11-04,
2006-11-05,
2006-11-06,
2006-11-07,
2006-11-08,
2006-11-09,
2006-11-10,
2006-11-11,
2006-11-12,
2006-11-13,
2006-11-14,
2006-11-15,
2006-11-16,
2006-11-17,
2006-11-18,
2006-11-19,
2006-11-20,
2006-11-21,
2006-11-22,
2006-11-23,
2006-11-24,
2006-11-25,
2006-11-26,
2006-11-27,
2006-11-28,
2006-11-29,
2006-11-30,
2006-12-01,
2006-12-02,
2006-12-03,
2006-12-04,
2006-12-05,
2006-12-06,
2006-12-07,
2006-12-08,
2006-12-09,
2006-12-10,
2006-12-11,
2006-12-12,
2006-12-13,
2006-12-14,
2006-12-15,
2006-12-16,
2006-12-17,
2006-12-18,
2006-12-19,
2006-12-20,
2006-12-21,
2006-12-22,
2006-12-23,
2006-12-24,
2006-12-25,
2006-12-26,
2006-12-27,
2006-12-28,
2006-12-29,
2006-12-30,
2006-12-31,
2007-01-01,
2007-01-02,
2007-01-03,
2007-01-04,
2007-01-05,
2007-01-06,
2007-01-07,
2007-01-08,
2007-01-09,
2007-01-10,
2007-01-11,
2007-01-12,
2007-01-13,
2007-01-14,
2007-01-15,
2007-01-16,
2007-01-17,
2007-01-18,
2007-01-19,
2007-01-20,
2007-01-21,
2007-01-22,
2007-01-23,
2007-01-24,
2007-01-25,
2007-01-26,
2007-01-27,
2007-01-28,
2007-01-29,
2007-01-30,
2007-01-31,
2007-02-01,1.587
2007-02-02,1.081
2007-02-03,0.330
2007-02-04,1.415
2007-02-05,0.340
2007-02-06,-1.256
2007-02-07,-1.15
2007-02-08,
2007-02-09,
2007-02-10,
2007-02-11,
2007-02-12,
2007-02-13,
2007-02-14,
2007-02-15,
2007-02-16,
2007-02-17,
2007-02-18,
2007-02-19,
2007-02-20,
2007-02-21,
2007-02-22,
2007-02-23,
2007-02-24,
2007-02-25,
2007-02-26,
2007-02-27,
2007-02-28,
2007-03-01,
2007-03-02,
2007-03-03,
2007-03-04,
2007-03-05,
2007-03-06,
2007-03-07,
2007-03-08,
2007-03-09,
2007-03-10,
2007-03-11,
2007-03-12,6.5
2007-03-13,
2007-03-14,
2007-03-15,
2007-03-16,
2007-03-17,
2007-03-18,
2007-03-19,
2007-03-20,
2007-03-21,
2007-03-22,
2007-03-23,
2007-03-24,
2007-03-25,
2007-03-26,
2007-03-27,
2007-03-28,
2007-03-29,
2007-03-30,
2007-03-31,
2007-04-01,
2007-04-02,
2007-04-03,
2007-04-04,
2007-04-05,
2007-04-06,
2007-04-07,
2007-04-08,
2007-04-09,
2007-04-10,
2007-04-11,
2007-04-12,3.775
2007-04-13,3.681
2007-04-14,4.780
2007-04-15,7.185
2007-04-16,7.918
2007-04-17,6.787
2007-04-18,7.922
2007-04-19,8.217
2007-04-20,8.431
2007-04-21,9.038
2007-04-22,10.036
2007-04-23,10.726
2007-04-24,11.473
2007-04-25,5.560
2007-04-26,2.333
2007-04-27,3.450
2007-04-28,3.434
2007-04-29,3.928
2007-04-30,2.336
2007-05-01,-1.190
2007-05-02,2.283
2007-05-03,2.985
2007-05-04,3.745
2007-05-05,2.213
2007-05-06,4.258
2007-05-07,9.190
2007-05-08,11.515
2007-05-09,12.694
2007-05-10,12.388
2007-05-11,11.113
2007-05-12,11.088
2007-05-13,6.831
2007-05-14,1.095
2007-05-15,5.550
2007-05-16,8.977
2007-05-17,11.915
2007-05-18,14.747
2007-05-19,14.660
2007-05-20,10.321
2007-05-21,8.519
2007-05-22,9.477
2007-05-23,7.767
2007-05-24,6.812
2007-05-25,5.877
2007-05-26,5.423
2007-05-27,4.047
2007-05-28,1.761
2007-05-29,6.260
2007-05-30,8.728
2007-05-31,4.332
2007-06-01,6.089
2007-06-02,9.314
2007-06-03,10.926
2007-06-04,10.938
2007-06-05,10.069
2007-06-06,10.669
2007-06-07,14.238
2007-06-08,15.690
2007-06-09,14.450
2007-06-10,10.146
2007-06-11,10.872
2007-06-12,13.012
2007-06-13,11.521
2007-06-14,8.517
2007-06-15,8.784
2007-06-16,9.520
2007-06-17,8.779
2007-06-18,10.992
2007-06-19,10.273
2007-06-20,8.367
2007-06-21,6.544
2007-06-22,8.775
2007-06-23,14.548
2007-06-24,15.873
2007-06-25,10.067
2007-06-26,9.871
2007-06-27,11.930
2007-06-28,14.420
2007-06-29,16.082
2007-06-30,16.947
2007-07-01,12.348
2007-07-02,11.960
2007-07-03,12.524
2007-07-04,12.040
2007-07-05,14.404
2007-07-06,17.367
2007-07-07,18.642
2007-07-08,17.375
2007-07-09,10.542
2007-07-10,11.061
2007-07-11,14.027
2007-07-12,16.560
2007-07-13,18.765
2007-07-14,19.019
2007-07-15,16.952
2007-07-16,11.913
2007-07-17,13.999
2007-07-18,15.263
2007-07-19,13.426
2007-07-20,10.717
2007-07-21,12.361
2007-07-22,12.909
2007-07-23,12.235
2007-07-24,12.761
2007-07-25,17.198
2007-07-26,19.595
2007-07-27,19.989
2007-07-28,19.960
2007-07-29,20.209
2007-07-30,19.737
2007-07-31,21.426
2007-08-01,19.089
2007-08-02,17.183
2007-08-03,19.242
2007-08-04,23.094
2007-08-05,19.354
2007-08-06,15.073
2007-08-07,13.444
2007-08-08,11.961
2007-08-09,14.697
2007-08-10,16.378
2007-08-11,16.800
2007-08-12,14.301
2007-08-13,15.283
2007-08-14,16.541
2007-08-15,15.100
2007-08-16,10.979
2007-08-17,13.915
2007-08-18,16.567
2007-08-19,12.153
2007-08-20,11.396
2007-08-21,7.726
2007-08-22,7.173
2007-08-23,9.472
2007-08-24,10.551
2007-08-25,12.199
2007-08-26,16.711
2007-08-27,20.771
2007-08-28,19.8
2007-08-29,
2007-08-30,
2007-08-31,
2007-09-01,
2007-09-02,
2007-09-03,
2007-09-04,
2007-09-05,
2007-09-06,
2007-09-07,
2007-09-08,
2007-09-09,
2007-09-10,
2007-09-11,
2007-09-12,
2007-09-13,
2007-09-14,
2007-09-15,
2007-09-16,
2007-09-17,
2007-09-18,
2007-09-19,
2007-09-20,
2007-09-21,
2007-09-22,
2007-09-23,
2007-09-24,
2007-09-25,
2007-09-26,
2007-09-27,
2007-09-28,
2007-09-29,
2007-09-30,
2007-10-01,
2007-10-02,
2007-10-03,
2007-10-04,
2007-10-05,
2007-10-06,
2007-10-07,
2007-10-08,
2007-10-09,
2007-10-10,
2007-10-11,
2007-10-12,
2007-10-13,
2007-10-14,
2007-10-15,
2007-10-16,
2007-10-17,
2007-10-18,
2007-10-19,
2007-10-20,
2007-10-21,
2007-10-22,
2007-10-23,
2007-10-24,
2007-10-25,
2007-10-26,
2007-10-27,
2007-10-28,
2007-10-29,5.489
2007-10-30,1.630
2007-10-31,1.664
2007-11-01,6.936
2007-11-02,9.392
2007-11-03,8.522
2007-11-04,8.634
2007-11-05,8.322
2007-11-06,10.013
2007-11-07,10.610
2007-11-08,10.056
2007-11-09,8.049
2007-11-10,9.063
2007-11-11,8.906
2007-11-12,8.017
2007-11-13,5.578
2007-11-14,2.841
2007-11-15,-0.619
2007-11-16,0.956
2007-11-17,2.774
2007-11-18,3.951
2007-11-19,2.408
2007-11-20,4.348
2007-11-21,1.076
2007-11-22,0.496
2007-11-23,
2007-11-24,
2007-11-25,-2.07
2007-11-26,-0.224
2007-11-27,2.483
2007-11-28,1.958
2007-11-29,1.171
2007-11-30,3.840
2007-12-01,2.262
2007-12-02,1.940
2007-12-03,2.106
2007-12-04,4.469
2007-12-05,5.732
2007-12-06,5.980
2007-12-07,4.533
2007-12-08,3.458
2007-12-09,2.444
2007-12-10,-2.546
2007-12-11,-1.340
2007-12-12,4.422
2007-12-13,3.603
2007-12-14,1.524
2007-12-15,3.399
2007-12-16,-4.567
2007-12-17,-5.521
2007-12-18,-3.799
2007-12-19,-2.313
2007-12-20,-1.269
2007-12-21,-0.360
2007-12-22,0.402
2007-12-23,0.217
2007-12-24,-0.713
2007-12-25,-0.025
2007-12-26,-0.985
2007-12-27,0.688
2007-12-28,1.762
2007-12-29,1.717
2007-12-30,0.040
2007-12-31,4.137
2008-01-01,2.061
2008-01-02,-0.105
2008-01-03,-2.187
2008-01-04,-2.629
2008-01-05,2.387
2008-01-06,5.918
2008-01-07,4.265
2008-01-08,4.353
2008-01-09,2.372
2008-01-10,1.649
2008-01-11,-1.901
2008-01-12,-4.275
2008-01-13,-0.013
2008-01-14,-1.704
2008-01-15,-0.006
2008-01-16,-0.850
2008-01-17,-0.066
2008-01-18,4.698
2008-01-19,8.958
2008-01-20,9.126
2008-01-21,6.906
2008-01-22,5.962
2008-01-23,3.55
2008-01-24,3.459
2008-01-25,2.367
2008-01-26,2.390
2008-01-27,4.100
2008-01-28,5.264
2008-01-29,4.540
2008-01-30,1.794
2008-01-31,0.355
2008-02-01,0.279
2008-02-02,-1.490
2008-02-03,-0.764
2008-02-04,-2.428
2008-02-05,-0.378
2008-02-06,4.159
2008-02-07,6.358
2008-02-08,7.680
2008-02-09,6.068
2008-02-10,4.273
2008-02-11,3.388
2008-02-12,-1.532
2008-02-13,-2.057
2008-02-14,-1.439
2008-02-15,0.444
2008-02-16,1.758
2008-02-17,-0.841
2008-02-18,0.400
2008-02-19,2.022
2008-02-20,2.054
2008-02-21,3.247
2008-02-22,3.978
2008-02-23,3.219
2008-02-24,0.997
2008-02-25,3.481
2008-02-26,4.333
2008-02-27,4.359
2008-02-28,2.254
2008-02-29,3.454
2008-03-01,5.666
2008-03-02,8.617
2008-03-03,5.733
2008-03-04,-3.370
2008-03-05,-6.098
2008-03-06,-3.185
2008-03-07,1.826
2008-03-08,2.952
2008-03-09,-1.531
2008-03-10,0.228
2008-03-11,2.212
2008-03-12,4.212
2008-03-13,8.223
2008-03-14,9.090
2008-03-15,5.714
2008-03-16,1.538
2008-03-17,5.055
2008-03-18,-1.587
2008-03-19,-0.385
2008-03-20,-0.078
2008-03-21,1.335
2008-03-22,-3.334
2008-03-23,-6.858
2008-03-24,-2.903
2008-03-25,0.439
2008-03-26,-2.242
2008-03-27,0.683
2008-03-28,2.160
2008-03-29,5.589
2008-03-30,1.658
2008-03-31,-1.428
2008-04-01,3.131
2008-04-02,8.396
2008-04-03,10.426
2008-04-04,10.720
2008-04-05,7.34
2008-04-06,8.499
2008-04-07,4.687
2008-04-08,2.262
2008-04-09,4.085
2008-04-10,2.724
2008-04-11,-1.938
2008-04-12,-1.411
2008-04-13,0.347
2008-04-14,1.050
2008-04-15,4.373
2008-04-16,6.244
2008-04-17,-0.453
2008-04-18,-0.380
2008-04-19,-0.240
2008-04-20,-0.208
2008-04-21,-0.165
2008-04-22,1.298
2008-04-23,6.167
2008-04-24,8.690
2008-04-25,10.997
2008-04-26,12.380
2008-04-27,12.291
2008-04-28,4.697
2008-04-29,2.326
2008-04-30,0.592
2008-05-01,5.586
2008-05-02,9.904
2008-05-03,12.358
2008-05-04,11.899
2008-05-05,11.141
2008-05-06,11.305
2008-05-07,9.914
2008-05-08,6.186
2008-05-09,5.337
2008-05-10,2.229
2008-05-11,4.518
2008-05-12,6.116
2008-05-13,5.275
2008-05-14,4.250
2008-05-15,4.421
2008-05-16,4.421
2008-05-17,5.172
2008-05-18,2.617
2008-05-19,2.531
2008-05-20,5.613
2008-05-21,6.727
2008-05-22,6.926
2008-05-23,6.061
2008-05-24,2.574
2008-05-25,2.307
2008-05-26,2.702
2008-05-27,3.775
2008-05-28,3.857
2008-05-29,5.148
2008-05-30,5.380
2008-05-31,4.906
2008-06-01,4.692
2008-06-02,6.416
2008-06-03,7.026
2008-06-04,9.165
2008-06-05,7.355
2008-06-06,7.463
2008-06-07,7.758
2008-06-08,4.095
2008-06-09,3.705
2008-06-10,5.853
2008-06-11,7.701
2008-06-12,8.675
2008-06-13,11.528
2008-06-14,12.547
2008-06-15,10.889
2008-06-16,7.236
2008-06-17,7.967
2008-06-18,12.946
2008-06-19,15.474
2008-06-20,16.801
2008-06-21,18.531
2008-06-22,18.472
2008-06-23,14.989
2008-06-24,
2008-06-25,
2008-06-26,
2008-06-27,
2008-06-28,
2008-06-29,
2008-06-30,
2008-07-01,
2008-07-02,
2008-07-03,11.223
2008-07-04,15.491
2008-07-05,15.176
2008-07-06,10.637
2008-07-07,9.106
2008-07-08,13.819
2008-07-09,16.567
2008-07-10,17.049
2008-07-11,11.802
2008-07-12,9.080
2008-07-13,9.447
2008-07-14,12.955
2008-07-15,14.092
2008-07-16,14.436
2008-07-17,15.440
2008-07-18,18.424
2008-07-19,21.049
2008-07-20,19.377
2008-07-21,17.300
2008-07-22,18.353
2008-07-23,21.430
2008-07-24,17.381
2008-07-25,13.610
2008-07-26,15.482
2008-07-27,17.156
2008-07-28,14.617
2008-07-29,16.042
2008-07-30,17.358
2008-07-31,16.890
2008-08-01,14.316
2008-08-02,18.024
2008-08-03,20.187
2008-08-04,22.163
2008-08-05,21.449
2008-08-06,19.805
2008-08-07,14.183
2008-08-08,14.685
2008-08-09,17.023
2008-08-10,18.989
2008-08-11,15.872
2008-08-12,12.274
2008-08-13,12.537
2008-08-14,11.265
2008-08-15,9.453
2008-08-16,10.41
2008-08-17,
2008-08-18,16.642
2008-08-19,14.690
2008-08-20,15.318
2008-08-21,17.142
2008-08-22,12.974
2008-08-23,13.735
2008-08-24,15.435
2008-08-25,16.572
2008-08-26,17.719
2008-08-27,16.747
2008-08-28,16.449
2008-08-29,17.363
2008-08-30,13.582
2008-08-31,11.924
2008-09-01,14.708
2008-09-02,14.575
2008-09-03,13.265
2008-09-04,11.731
2008-09-05,10.762
2008-09-06,7.115
2008-09-07,9.703
2008-09-08,13.245
2008-09-09,13.476
2008-09-10,14.302
2008-09-11,11.074
2008-09-12,4.569
2008-09-13,6.723
2008-09-14,9.626
2008-09-15,12.554
2008-09-16,14.460
2008-09-17,13.000
2008-09-18,13.010
2008-09-19,12.047
2008-09-20,14.125
2008-09-21,13.254
2008-09-22,9.628
2008-09-23,7.981
2008-09-24,7.115
2008-09-25,6.881
2008-09-26,6.960
2008-09-27,6.485
2008-09-28,6.097
2008-09-29,8.513
2008-09-30,9.210
2008-10-01,10.147
2008-10-02,8.828
2008-10-03,1.499
2008-10-04,4.081
2008-10-05,8.451
2008-10-06,9.767
2008-10-07,7.452
2008-10-08,3.112
2008-10-09,3.590
2008-10-10,8.653
2008-10-11,8.367
2008-10-12,9.288
2008-10-13,8.553
2008-10-14,8.411
2008-10-15,9.640
2008-10-16,8.201
2008-10-17,6.401
2008-10-18,6.063
2008-10-19,6.546
2008-10-20,8.005
2008-10-21,6.998
2008-10-22,0.426
2008-10-23,4.033
2008-10-24,3.189
2008-10-25,6.354
2008-10-26,8.139
2008-10-27,7.467
2008-10-28,-1.154
2008-10-29,-5.215
2008-10-30,-1.395
2008-10-31,-1.281
2008-11-01,-2.342
2008-11-02,-2.638
2008-11-03,-2.508
2008-11-04,-2.403
2008-11-05,-1.672
2008-11-06,-0.809
2008-11-07,0.973
2008-11-08,0.082
2008-11-09,3.521
2008-11-10,5.474
2008-11-11,2.044
2008-11-12,-2.262
2008-11-13,-2.278
2008-11-14,-1.726
2008-11-15,2.781
2008-11-16,4.838
2008-11-17,4.350
2008-11-18,1.397
2008-11-19,-0.388
2008-11-20,0.300
2008-11-21,1.907
2008-11-22,1.705
2008-11-23,-0.395
2008-11-24,-3.433
2008-11-25,-6.877
2008-11-26,-6.807
2008-11-27,-5.502
2008-11-28,-5.221
2008-11-29,-6.058
2008-11-30,-7.201
2008-12-01,-7.174
2008-12-02,-6.724
2008-12-03,-3.485
2008-12-04,-1.050
2008-12-05,-0.008
2008-12-06,0.734
2008-12-07,1.842
2008-12-08,0.612
2008-12-09,-2.675
2008-12-10,-7.027
2008-12-11,-5.959
2008-12-12,-4.452
2008-12-13,-3.951
2008-12-14,-7.418
2008-12-15,-7.084
2008-12-16,-4.371
2008-12-17,-2.873
2008-12-18,-1.240
2008-12-19,4.032
2008-12-20,7.888
2008-12-21,8.903
2008-12-22,7.705
2008-12-23,6.469
2008-12-24,4.957
2008-12-25,3.452
2008-12-26,-3.519
2008-12-27,-5.493
2008-12-28,-3.151
2008-12-29,0.194
2008-12-30,1.847
2008-12-31,0.549
2009-01-01,0.970
2009-01-02,0.292
2009-01-03,-0.328
2009-01-04,-2.299
2009-01-05,-3.584
2009-01-06,-8.431
2009-01-07,-10.876
2009-01-08,-11.947
2009-01-09,-9.954
2009-01-10,-9.277
2009-01-11,-3.926
2009-01-12,-1.711
2009-01-13,-3.724
2009-01-14,-3.288
2009-01-15,-0.246
2009-01-16,-0.628
2009-01-17,-0.676
2009-01-18,0.967
2009-01-19,0.341
2009-01-20,-7.596
2009-01-21,-7.456
2009-01-22,0.673
2009-01-23,3.057
2009-01-24,-3.988
2009-01-25,-5.416
2009-01-26,-6.007
2009-01-27,-2.954
2009-01-28,0.556
2009-01-29,2.076
2009-01-30,1.215
2009-01-31,-3.787
2009-02-01,-4.632
2009-02-02,-3.669
2009-02-03,-3.928
2009-02-04,-3.861
2009-02-05,-4.042
2009-02-06,-7.410
2009-02-07,-8.074
2009-02-08,-4.175
2009-02-09,-0.185
2009-02-10,-3.406
2009-02-11,-4.137
2009-02-12,-1.806
2009-02-13,0.697
2009-02-14,3.752
2009-02-15,2.69
2009-02-16,
2009-02-17,
2009-02-18,2.599
2009-02-19,1.347
2009-02-20,-0.213
2009-02-21,-0.308
2009-02-22,2.429
2009-02-23,3.596
2009-02-24,4.694
2009-02-25,4.479
2009-02-26,4.330
2009-02-27,5.035
2009-02-28,1.585
2009-03-01,-0.801
2009-03-02,-2.123
2009-03-03,-1.712
2009-03-04,-3.915
2009-03-05,-5.417
2009-03-06,-2.667
2009-03-07,1.781
2009-03-08,5.369
2009-03-09,4.304
2009-03-10,5.492
2009-03-11,5.909
2009-03-12,6.788
2009-03-13,7.383
2009-03-14,7.017
2009-03-15,7.069
2009-03-16,7.429
2009-03-17,3.951
2009-03-18,6.652
2009-03-19,7.715
2009-03-20,7.324
2009-03-21,6.130
2009-03-22,3.769
2009-03-23,4.755
2009-03-24,4.618
2009-03-25,4.410
2009-03-26,6.347
2009-03-27,7.381
2009-03-28,-1.610
2009-03-29,-4.577
2009-03-30,-3.404
2009-03-31,-3.736
2009-04-01,-1.083
2009-04-02,0.997
2009-04-03,3.927
2009-04-04,5.875
2009-04-05,6.792
2009-04-06,4.682
2009-04-07,-2.013
2009-04-08,1.652
2009-04-09,4.526
2009-04-10,-2.547
2009-04-11,-4.179
2009-04-12,-3.527
2009-04-13,1.603
2009-04-14,-0.130
2009-04-15,-2.699
2009-04-16,-2.630
2009-04-17,-2.019
2009-04-18,-0.649
2009-04-19,0.095
2009-04-20,1.688
2009-04-21,3.724
2009-04-22,4.781
2009-04-23,8.844
2009-04-24,8.447
2009-04-25,1.959
2009-04-26,-1.738
2009-04-27,-0.544
2009-04-28,0.068
2009-04-29,2.864
2009-04-30,1.465
2009-05-01,1.388
2009-05-02,6.273
2009-05-03,8.626
2009-05-04,8.403
2009-05-05,10.035
2009-05-06,12.067
2009-05-07,11.664
2009-05-08,10.751
2009-05-09,8.201
2009-05-10,6.326
2009-05-11,5.708
2009-05-12,5.870
2009-05-13,6.265
2009-05-14,2.428
2009-05-15,2.883
2009-05-16,7.768
2009-05-17,5.845
2009-05-18,7.046
2009-05-19,10.038
2009-05-20,14.287
2009-05-21,14.593
2009-05-22,13.908
2009-05-23,5.413
2009-05-24,6.133
2009-05-25,4.169
2009-05-26,4.533
2009-05-27,8.080
2009-05-28,11.208
2009-05-29,12.431
2009-05-30,12.749
2009-05-31,13.566
2009-06-01,13.995
2009-06-02,13.849
2009-06-03,14.155
2009-06-04,11.869
2009-06-05,5.028
2009-06-06,2.567
2009-06-07,4.788
2009-06-08,4.452
2009-06-09,5.058
2009-06-10,10.954
2009-06-11,13.681
2009-06-12,17.726
2009-06-13,18.700
2009-06-14,14.581
2009-06-15,13.382
2009-06-16,12.715
2009-06-17,14.344
2009-06-18,17.043
2009-06-19,17.336
2009-06-20,14.703
2009-06-21,13.839
2009-06-22,15.707
2009-06-23,16.108
2009-06-24,13.619
2009-06-25,10.228
2009-06-26,8.836
2009-06-27,11.954
2009-06-28,12.640
2009-06-29,14.160
2009-06-30,15.753
2009-07-01,16.972
2009-07-02,16.067
2009-07-03,15.146
2009-07-04,13.374
2009-07-05,12.163
2009-07-06,12.785
2009-07-07,11.964
2009-07-08,13.633
2009-07-09,14.657
2009-07-10,15.975
2009-07-11,16.847
2009-07-12,17.502
2009-07-13,17.560
2009-07-14,11.884
2009-07-15,14.407
2009-07-16,16.735
2009-07-17,7.881
2009-07-18,11.258
2009-07-19,16.105
2009-07-20,17.049
2009-07-21,19.141
2009-07-22,16.244
2009-07-23,12.722
2009-07-24,11.135
2009-07-25,16.340
2009-07-26,19.904
2009-07-27,15.673
2009-07-28,17.329
2009-07-29,16.815
2009-07-30,16.181
2009-07-31,17.085
2009-08-01,11.308
2009-08-02,11.109
2009-08-03,14.066
2009-08-04,17.673
2009-08-05,18.681
2009-08-06,16.612
2009-08-07,15.419
2009-08-08,14.377
2009-08-09,11.344
2009-08-10,12.649
2009-08-11,14.553
2009-08-12,16.402
2009-08-13,16.586
2009-08-14,17.361
2009-08-15,17.654
2009-08-16,18.831
2009-08-17,19.297
2009-08-18,19.492
2009-08-19,18.919
2009-08-20,17.949
2009-08-21,17.710
2009-08-22,18.431
2009-08-23,19.676
2009-08-24,16.099
2009-08-25,11.285
2009-08-26,14.361
2009-08-27,17.285
2009-08-28,18.087
2009-08-29,16.657
2009-08-30,17.717
2009-08-31,18.818
2009-09-01,15.401
2009-09-02,14.391
2009-09-03,13.147
2009-09-04,11.971
2009-09-05,13.597
2009-09-06,14.853
2009-09-07,15.454
2009-09-08,15.492
2009-09-09,15.061
2009-09-10,14.751
2009-09-11,13.278
2009-09-12,11.333
2009-09-13,10.768
2009-09-14,7.272
2009-09-15,4.000
2009-09-16,2.978
2009-09-17,2.475
2009-09-18,3.513
2009-09-19,5.151
2009-09-20,6.917
2009-09-21,7.094
2009-09-22,9.580
2009-09-23,10.246
2009-09-24,11.025
2009-09-25,11.851
2009-09-26,11.633
2009-09-27,10.293
2009-09-28,9.462
2009-09-29,6.648
2009-09-30,7.569
2009-10-01,8.153
2009-10-02,9.206
2009-10-03,9.764
2009-10-04,12.112
2009-10-05,13.057
2009-10-06,12.567
2009-10-07,9.022
2009-10-08,7.542
2009-10-09,7.873
2009-10-10,8.859
2009-10-11,9.581
2009-10-12,10.702
2009-10-13,8.901
2009-10-14,9.517
2009-10-15,8.701
2009-10-16,6.176
2009-10-17,8.397
2009-10-18,9.777
2009-10-19,
2009-10-20,
2009-10-21,
2009-10-22,1.353
2009-10-23,4.618
2009-10-24,7.370
2009-10-25,8.797
2009-10-26,9.711
2009-10-27,10.506
2009-10-28,10.968
2009-10-29,11.713
2009-10-30,10.527
2009-10-31,10.447
2009-11-01,9.918
2009-11-02,0.629
2009-11-03,2.257
2009-11-04,1.033
2009-11-05,-2.337
2009-11-06,1.326
2009-11-07,-0.371
2009-11-08,-2.468
2009-11-09,-2.441
2009-11-10,0.417
2009-11-11,2.140
2009-11-12,4.494
2009-11-13,5.536
2009-11-14,4.564
2009-11-15,5.622
2009-11-16,6.392
2009-11-17,6.042
2009-11-18,6.734
2009-11-19,6.197
2009-11-20,5.051
2009-11-21,4.657
2009-11-22,-0.306
2009-11-23,2.781
2009-11-24,7.001
2009-11-25,3.317
2009-11-26,2.513
2009-11-27,-2.160
2009-11-28,-1.651
2009-11-29,-3.397
2009-11-30,-5.539
2009-12-01,-3.056
2009-12-02,1.351
2009-12-03,-2.306
2009-12-04,-2.078
2009-12-05,1.821
2009-12-06,4.060
2009-12-07,2.155
2009-12-08,2.605
2009-12-09,3.310
2009-12-10,5.730
2009-12-11,6.772
2009-12-12,5.341
2009-12-13,-4.774
2009-12-14,-10.023
2009-12-15,-9.213
2009-12-16,-1.153
2009-12-17,-2.784
2009-12-18,-6.442
2009-12-19,-10.549
2009-12-20,-7.765
2009-12-21,-1.409
2009-12-22,-0.280
2009-12-23,-0.608
2009-12-24,1.026
2009-12-25,-4.345
2009-12-26,-2.242
2009-12-27,1.082
2009-12-28,3.808
2009-12-29,4.424
2009-12-30,-0.224
2009-12-31,-3.288
2010-01-01,-4.774
2010-01-02,-3.110
2010-01-03,0.049
2010-01-04,-0.185
2010-01-05,-2.203
2010-01-06,-5.856
2010-01-07,-7.695
2010-01-08,-11.472
2010-01-09,-11.520
2010-01-10,-10.403
2010-01-11,-3.538
2010-01-12,-2.251
2010-01-13,-2.288
2010-01-14,-2.822
2010-01-15,-1.222
2010-01-16,2.962
2010-01-17,1.821
2010-01-18,2.260
2010-01-19,1.308
2010-01-20,-2.411
2010-01-21,-1.406
2010-01-22,1.929
2010-01-23,-0.059
2010-01-24,-1.890
2010-01-25,-5.954
2010-01-26,-4.572
2010-01-27,-8.237
2010-01-28,-4.190
2010-01-29,-4.102
2010-01-30,-4.848
2010-01-31,-4.335
2010-02-01,-4.437
2010-02-02,-0.289
2010-02-03,3.794
2010-02-04,1.437
2010-02-05,-2.697
2010-02-06,-2.191
2010-02-07,1.473
2010-02-08,-0.678
2010-02-09,-4.525
2010-02-10,-7.099
2010-02-11,-10.573
2010-02-12,-9.210
2010-02-13,-8.636
2010-02-14,-7.964
2010-02-15,-6.813
2010-02-16,-2.594
2010-02-17,-1.899
2010-02-18,-4.942
2010-02-19,-5.713
2010-02-20,-5.923
2010-02-21,-2.754
2010-02-22,-1.119
2010-02-23,-1.522
2010-02-24,-0.460
2010-02-25,0.230
2010-02-26,-1.770
2010-02-27,2.430
2010-02-28,-1.749
2010-03-01,-2.583
2010-03-02,-0.444
2010-03-03,-1.272
2010-03-04,-0.776
2010-03-05,-1.854
2010-03-06,-4.355
2010-03-07,-2.269
2010-03-08,-10.864
2010-03-09,-8.570
2010-03-10,-8.431
2010-03-11,-8.484
2010-03-12,-8.192
2010-03-13,-6.781
2010-03-14,-3.451
2010-03-15,0.894
2010-03-16,2.118
2010-03-17,2.976
2010-03-18,4.369
2010-03-19,4.442
2010-03-20,4.217
2010-03-21,2.606
2010-03-22,3.216
2010-03-23,3.725
2010-03-24,2.714
2010-03-25,-1.667
2010-03-26,-2.506
2010-03-27,-1.026
2010-03-28,4.662
2010-03-29,1.100
2010-03-30,-3.276
2010-03-31,-2.983
2010-04-01,-3.825
2010-04-02,-0.828
2010-04-03,-2.206
2010-04-04,-2.055
2010-04-05,2.048
2010-04-06,3.782
2010-04-07,0.416
2010-04-08,3.201
2010-04-09,3.490
2010-04-10,3.885
2010-04-11,6.305
2010-04-12,2.888
2010-04-13,-1.637
2010-04-14,0.481
2010-04-15,2.233
2010-04-16,3.457
2010-04-17,1.842
2010-04-18,1.910
2010-04-19,3.190
2010-04-20,5.530
2010-04-21,6.693
2010-04-22,4.431
2010-04-23,4.984
2010-04-24,6.817
2010-04-25,7.989
2010-04-26,10.306
2010-04-27,11.296
2010-04-28,12.360
2010-04-29,9.736
2010-04-30,8.198
2010-05-01,4.502
2010-05-02,5.482
2010-05-03,-2.388
2010-05-04,-5.667
2010-05-05,-3.234
2010-05-06,0.093
2010-05-07,0.681
2010-05-08,1.088
2010-05-09,2.347
2010-05-10,1.371
2010-05-11,0.981
2010-05-12,-0.049
2010-05-13,-2.501
2010-05-14,-3.051
2010-05-15,-1.708
2010-05-16,2.284
2010-05-17,5.962
2010-05-18,8.875
2010-05-19,9.582
2010-05-20,10.069
2010-05-21,11.549
2010-05-22,11.865
2010-05-23,12.273
2010-05-24,10.674
2010-05-25,7.408
2010-05-26,6.001
2010-05-27,7.751
2010-05-28,5.515
2010-05-29,8.197
2010-05-30,11.378
2010-05-31,13.886
2010-06-01,14.446
2010-06-02,13.509
2010-06-03,14.153
2010-06-04,14.831
2010-06-05,15.440
2010-06-06,12.980
2010-06-07,12.044
2010-06-08,7.781
2010-06-09,4.917
2010-06-10,3.203
2010-06-11,3.210
2010-06-12,3.780
2010-06-13,6.353
2010-06-14,6.565
2010-06-15,1.480
2010-06-16,1.731
2010-06-17,6.246
2010-06-18,8.285
2010-06-19,7.685
2010-06-20,5.665
2010-06-21,9.010
2010-06-22,12.246
2010-06-23,14.236
2010-06-24,15.835
2010-06-25,12.169
2010-06-26,10.815
2010-06-27,12.356
2010-06-28,13.163
2010-06-29,13.676
2010-06-30,15.200
2010-07-01,16.420
2010-07-02,14.56
2010-07-03,
2010-07-04,
2010-07-05,
2010-07-06,
2010-07-07,19.753
2010-07-08,20.284
2010-07-09,16.803
2010-07-10,18.380
2010-07-11,19.049
2010-07-12,17.619
2010-07-13,16.291
2010-07-14,12.959
2010-07-15,14.413
2010-07-16,14.368
2010-07-17,16.350
2010-07-18,18.700
2010-07-19,19.317
2010-07-20,17.860
2010-07-21,13.974
2010-07-22,13.288
2010-07-23,13.444
2010-07-24,14.376
2010-07-25,14.594
2010-07-26,15.445
2010-07-27,17.499
2010-07-28,19.069
2010-07-29,17.334
2010-07-30,16.783
2010-07-31,19.280
2010-08-01,18.345
2010-08-02,15.494
2010-08-03,13.336
2010-08-04,14.226
2010-08-05,13.689
2010-08-06,15.449
2010-08-07,18.160
2010-08-08,16.483
2010-08-09,16.256
2010-08-10,17.744
2010-08-11,16.028
2010-08-12,13.744
2010-08-13,9.969
2010-08-14,8.698
2010-08-15,11.808
2010-08-16,11.351
2010-08-17,12.313
2010-08-18,12.567
2010-08-19,12.634
2010-08-20,15.990
2010-08-21,17.924
2010-08-22,17.931
2010-08-23,15.947
2010-08-24,13.391
2010-08-25,18.288
2010-08-26,19.865
2010-08-27,15.231
2010-08-28,15.451
2010-08-29,15.598
2010-08-30,16.126
2010-08-31,15.890
2010-09-01,11.190
2010-09-02,10.922
2010-09-03,14.230
2010-09-04,15.439
2010-09-05,16.351
2010-09-06,14.832
2010-09-07,7.203
2010-09-08,5.385
2010-09-09,8.449
2010-09-10,13.128
2010-09-11,14.501
2010-09-12,15.250
2010-09-13,15.584
2010-09-14,15.382
2010-09-15,16.749
2010-09-16,10.476
2010-09-17,8.007
2010-09-18,7.021
2010-09-19,9.847
2010-09-20,9.423
2010-09-21,9.952
2010-09-22,10.619
2010-09-23,8.960
2010-09-24,6.327
2010-09-25,4.586
2010-09-26,4.168
2010-09-27,5.876
2010-09-28,7.820
2010-09-29,9.936
2010-09-30,9.448
2010-10-01,9.459
2010-10-02,10.510
2010-10-03,5.826
2010-10-04,3.092
2010-10-05,7.344
2010-10-06,8.724
2010-10-07,8.759
2010-10-08,8.587
2010-10-09,5.724
2010-10-10,2.464
2010-10-11,2.923
2010-10-12,4.498
2010-10-13,4.494
2010-10-14,5.046
2010-10-15,3.301
2010-10-16,1.758
2010-10-17,0.069
2010-10-18,2.615
2010-10-19,6.502
2010-10-20,7.592
2010-10-21,7.701
2010-10-22,5.524
2010-10-23,4.790
2010-10-24,4.317
2010-10-25,0.647
2010-10-26,3.971
2010-10-27,8.863
2010-10-28,10.004
2010-10-29,3.914
2010-10-30,-0.371
2010-10-31,
2010-11-01,
2010-11-02,4.15
2010-11-03,7.526
2010-11-04,8.375
2010-11-05,8.224
2010-11-06,5.947
2010-11-07,0.010
2010-11-08,-1.071
2010-11-09,-2.140
2010-11-10,-2.981
2010-11-11,-1.094
2010-11-12,3.658
2010-11-13,6.562
2010-11-14,1.022
2010-11-15,-4.018
2010-11-16,-1.729
2010-11-17,-0.747
2010-11-18,-3.492
2010-11-19,-2.278
2010-11-20,-2.285
2010-11-21,-2.383
2010-11-22,-3.638
2010-11-23,-3.101
2010-11-24,-2.768
2010-11-25,-3.702
2010-11-26,-4.917
2010-11-27,-4.902
2010-11-28,-7.986
2010-11-29,-6.624
2010-11-30,-4.186
2010-12-01,-7.58
2010-12-02,
2010-12-03,
2010-12-04,
2010-12-05,
2010-12-06,
2010-12-07,
2010-12-08,
2010-12-09,5.44
2010-12-10,7.818
2010-12-11,9.116
2010-12-12,6.604
2010-12-13,2.910
2010-12-14,-0.519
2010-12-15,-7.598
2010-12-16,-5.671
2010-12-17,-3.573
2010-12-18,-0.313
2010-12-19,-0.692
2010-12-20,-2.868
2010-12-21,1.168
2010-12-22,-0.678
2010-12-23,-4.713
2010-12-24,-8.583
2010-12-25,-8.467
2010-12-26,-1.860
2010-12-27,3.465
2010-12-28,3.662
2010-12-29,5.234
2010-12-30,-1.467
2010-12-31,-0.486
2011-01-01,-0.859
2011-01-02,-1.784
2011-01-03,-2.492
2011-01-04,-0.497
2011-01-05,1.162
2011-01-06,2.674
2011-01-07,0.917
2011-01-08,-0.540
2011-01-09,-1.683
2011-01-10,-1.454
2011-01-11,0.609
2011-01-12,3.083
2011-01-13,6.051
2011-01-14,5.263
2011-01-15,4.601
2011-01-16,3.944
2011-01-17,1.119
2011-01-18,0.952
2011-01-19,-0.664
2011-01-20,-2.298
2011-01-21,-5.994
2011-01-22,-8.247
2011-01-23,-8.487
2011-01-24,-4.964
2011-01-25,-3.881
2011-01-26,-4.256
2011-01-27,-5.607
2011-01-28,-4.510
2011-01-29,-5.547
2011-01-30,-5.889
2011-01-31,-8.611
2011-02-01,-7.231
2011-02-02,-5.427
2011-02-03,
2011-02-04,3.364
2011-02-05,4.937
2011-02-06,5.513
2011-02-07,4.342
2011-02-08,2.594
2011-02-09,2.206
2011-02-10,2.443
2011-02-11,1.252
2011-02-12,-0.521
2011-02-13,-2.238
2011-02-14,-5.677
2011-02-15,-3.059
2011-02-16,-4.672
2011-02-17,-5.207
2011-02-18,-2.201
2011-02-19,0.098
2011-02-20,-1.503
2011-02-21,-1.996
2011-02-22,0.252
2011-02-23,2.710
2011-02-24,3.888
2011-02-25,5.951
2011-02-26,4.734
2011-02-27,-2.788
2011-02-28,-6.393
2011-03-01,-7.137
2011-03-02,-6.566
2011-03-03,-7.095
2011-03-04,-6.655
2011-03-05,-4.177
2011-03-06,-1.587
2011-03-07,0.615
2011-03-08,-0.931
2011-03-09,0.623
2011-03-10,2.549
2011-03-11,-0.839
2011-03-12,-0.280
2011-03-13,-1.047
2011-03-14,-0.551
2011-03-15,-2.103
2011-03-16,-2.943
2011-03-17,0.081
2011-03-18,2.774
2011-03-19,4.390
2011-03-20,4.788
2011-03-21,1.459
2011-03-22,-1.926
2011-03-23,-3.067
2011-03-24,-1.050
2011-03-25,1.439
2011-03-26,2.022
2011-03-27,-1.510
2011-03-28,-1.276
2011-03-29,0.330
2011-03-30,1.291
2011-03-31,6.282
2011-04-01,8.287
2011-04-02,7.445
2011-04-03,4.246
2011-04-04,5.851
2011-04-05,9.534
2011-04-06,10.669
2011-04-07,12.741
2011-04-08,14.093
2011-04-09,12.133
2011-04-10,6.122
2011-04-11,4.824
2011-04-12,7.642
2011-04-13,9.225
2011-04-14,8.837
2011-04-15,6.454
2011-04-16,4.201
2011-04-17,4.339
2011-04-18,5.628
2011-04-19,5.039
2011-04-20,4.258
2011-04-21,2.666
2011-04-22,-0.219
2011-04-23,0.762
2011-04-24,2.497
2011-04-25,3.145
2011-04-26,3.111
2011-04-27,5.953
2011-04-28,6.906
2011-04-29,3.639
2011-04-30,2.151
2011-05-01,3.382
2011-05-02,4.778
2011-05-03,5.407
2011-05-04,5.699
2011-05-05,6.681
2011-05-06,6.458
2011-05-07,3.751
2011-05-08,5.983
2011-05-09,10.415
2011-05-10,11.208
2011-05-11,11.528
2011-05-12,9.539
2011-05-13,9.274
2011-05-14,7.697
2011-05-15,5.941
2011-05-16,7.415
2011-05-17,8.526
2011-05-18,7.808
2011-05-19,4.503
2011-05-20,7.622
2011-05-21,9.281
2011-05-22,8.791
2011-05-23,10.601
2011-05-24,12.856
2011-05-25,13.674
2011-05-26,11.826
2011-05-27,7.744
2011-05-28,9.807
2011-05-29,11.005
2011-05-30,7.685
2011-05-31,6.687
2011-06-01,3.958
2011-06-02,4.558
2011-06-03,5.802
2011-06-04,6.990
2011-06-05,8.358
2011-06-06,5.958
2011-06-07,3.978
2011-06-08,5.563
2011-06-09,6.488
2011-06-10,5.948
2011-06-11,8.808
2011-06-12,12.949
2011-06-13,11.222
2011-06-14,13.069
2011-06-15,13.773
2011-06-16,11.644
2011-06-17,12.262
2011-06-18,9.039
2011-06-19,13.572
2011-06-20,16.144
2011-06-21,16.437
2011-06-22,13.144
2011-06-23,11.969
2011-06-24,14.524
2011-06-25,17.634
2011-06-26,19.365
2011-06-27,19.367
2011-06-28,17.661
2011-06-29,14.525
2011-06-30,15.242
2011-07-01,16.245
2011-07-02,16.488
2011-07-03,14.403
2011-07-04,12.049
2011-07-05,15.214
2011-07-06,12.500
2011-07-07,8.964
2011-07-08,10.426
2011-07-09,12.534
2011-07-10,14.565
2011-07-11,16.104
2011-07-12,11.600
2011-07-13,5.981
2011-07-14,9.132
2011-07-15,13.099
2011-07-16,15.355
2011-07-17,9.374
2011-07-18,10.087
2011-07-19,7.629
2011-07-20,11.796
2011-07-21,12.581
2011-07-22,12.199
2011-07-23,11.937
2011-07-24,10.559
2011-07-25,12.381
2011-07-26,14.367
2011-07-27,14.077
2011-07-28,15.496
2011-07-29,17.200
2011-07-30,15.975
2011-07-31,16.434
2011-08-01,16.356
2011-08-02,10.548
2011-08-03,12.890
2011-08-04,15.760
2011-08-05,14.228
2011-08-06,13.433
2011-08-07,13.265
2011-08-08,12.022
2011-08-09,14.660
2011-08-10,17.013
2011-08-11,19.022
2011-08-12,17.926
2011-08-13,15.024
2011-08-14,16.329
2011-08-15,17.110
2011-08-16,18.953
2011-08-17,18.564
2011-08-18,17.636
2011-08-19,18.278
2011-08-20,19.847
2011-08-21,16.666
2011-08-22,11.578
2011-08-23,13.904
2011-08-24,13.397
2011-08-25,13.805
2011-08-26,7.403
2011-08-27,10.490
2011-08-28,14.065
2011-08-29,14.780
2011-08-30,14.786
2011-08-31,10.851
2011-09-01,10.173
2011-09-02,8.938
2011-09-03,8.047
2011-09-04,9.082
2011-09-05,9.246
2011-09-06,13.564
2011-09-07,15.508
2011-09-08,16.599
2011-09-09,16.943
2011-09-10,15.690
2011-09-11,11.980
2011-09-12,15.236
2011-09-13,16.916
2011-09-14,16.020
2011-09-15,15.522
2011-09-16,15.040
2011-09-17,13.285
2011-09-18,6.841
2011-09-19,7.767
2011-09-20,13.924
2011-09-21,13.855
2011-09-22,13.586
2011-09-23,11.827
2011-09-24,9.906
2011-09-25,11.327
2011-09-26,12.774
2011-09-27,13.269
2011-09-28,11.855
2011-09-29,11.213
2011-09-30,10.782
2011-10-01,10.257
2011-10-02,10.581
2011-10-03,12.547
2011-10-04,12.915
2011-10-05,13.458
2011-10-06,13.270
2011-10-07,6.105
2011-10-08,4.116
2011-10-09,8.954
2011-10-10,13.517
2011-10-11,14.551
2011-10-12,14.966
2011-10-13,14.636
2011-10-14,13.321
2011-10-15,11.862
2011-10-16,11.180
2011-10-17,9.343
2011-10-18,9.274
2011-10-19,7.719
2011-10-20,4.340
2011-10-21,6.143
2011-10-22,6.515
2011-10-23,4.475
2011-10-24,1.763
2011-10-25,-1.006
2011-10-26,0.866
2011-10-27,2.044
2011-10-28,2.124
2011-10-29,4.721
2011-10-30,6.973
2011-10-31,6.430
2011-11-01,5.859
2011-11-02,4.408
2011-11-03,1.631
2011-11-04,-0.553
2011-11-05,-1.690
2011-11-06,-2.003
2011-11-07,0.885
2011-11-08,3.160
2011-11-09,4.163
2011-11-10,4.163
2011-11-11,4.883
2011-11-12,6.138
2011-11-13,3.358
2011-11-14,1.603
2011-11-15,-0.279
2011-11-16,-0.210
2011-11-17,0.524
2011-11-18,0.955
2011-11-19,0.909
2011-11-20,1.633
2011-11-21,1.776
2011-11-22,-0.308
2011-11-23,2.416
2011-11-24,1.526
2011-11-25,2.719
2011-11-26,5.055
2011-11-27,4.808
2011-11-28,3.162
2011-11-29,3.615
2011-11-30,3.508
2011-12-01,3.369
2011-12-02,-3.214
2011-12-03,-2.157
2011-12-04,-1.523
2011-12-05,0.623
2011-12-06,0.088
2011-12-07,4.242
2011-12-08,4.915
2011-12-09,2.883
2011-12-10,-0.588
2011-12-11,-2.190
2011-12-12,-1.519
2011-12-13,0.627
2011-12-14,-0.393
2011-12-15,-2.917
2011-12-16,-0.322
2011-12-17,-6.020
2011-12-18,-6.324
2011-12-19,-5.117
2011-12-20,-0.577
2011-12-21,3.742
2011-12-22,7.850
2011-12-23,
2011-12-24,
2011-12-25,
2011-12-26,
2011-12-27,0.68
2011-12-28,1.005
2011-12-29,-4.112
2011-12-30,0.026
2011-12-31,2.893
2012-01-01,3.553
2012-01-02,-2.577
2012-01-03,0.324
2012-01-04,0.379
2012-01-05,4.574
2012-01-06,1.533
2012-01-07,2.613
2012-01-08,4.488
2012-01-09,5.350
2012-01-10,2.567
2012-01-11,2.416
2012-01-12,1.483
2012-01-13,0.856
2012-01-14,-2.434
2012-01-15,-3.221
2012-01-16,-5.453
2012-01-17,-3.178
2012-01-18,-0.443
2012-01-19,1.903
2012-01-20,0.443
2012-01-21,-0.533
2012-01-22,2.332
2012-01-23,1.702
2012-01-24,2.867
2012-01-25,2.542
2012-01-26,-1.584
2012-01-27,-3.501
2012-01-28,-4.705
2012-01-29,-6.535
2012-01-30,-3.959
2012-01-31,-2.117
2012-02-01,-4.419
2012-02-02,-12.172
2012-02-03,-13.133
2012-02-04,-11.532
2012-02-05,-7.167
2012-02-06,-3.971
2012-02-07,-6.441
2012-02-08,-11.266
2012-02-09,-6.635
2012-02-10,-6.816
2012-02-11,-8.853
2012-02-12,-11.419
2012-02-13,-9.483
2012-02-14,-7.046
2012-02-15,-5.712
2012-02-16,-4.812
2012-02-17,-3.044
2012-02-18,-2.356
2012-02-19,-1.916
2012-02-20,-3.236
2012-02-21,-1.592
2012-02-22,0.367
2012-02-23,2.400
2012-02-24,2.995
2012-02-25,2.974
2012-02-26,3.262
2012-02-27,4.129
2012-02-28,4.192
2012-02-29,4.003
2012-03-01,3.711
2012-03-02,0.276
2012-03-03,-0.349
2012-03-04,0.010
2012-03-05,-2.287
2012-03-06,-3.274
2012-03-07,-1.222
2012-03-08,0.502
2012-03-09,3.703
2012-03-10,3.185
2012-03-11,4.584
2012-03-12,5.438
2012-03-13,6.938
2012-03-14,8.201
2012-03-15,8.024
2012-03-16,3.101
2012-03-17,0.993
2012-03-18,-4.417
2012-03-19,-4.053
2012-03-20,-4.115
2012-03-21,-5.030
2012-03-22,-1.391
2012-03-23,3.706
2012-03-24,5.746
2012-03-25,5.924
2012-03-26,3.687
2012-03-27,3.311
2012-03-28,3.688
2012-03-29,4.381
2012-03-30,5.390
2012-03-31,6.155
2012-04-01,5.808
2012-04-02,3.160
2012-04-03,0.735
2012-04-04,-0.055
2012-04-05,-1.370
2012-04-06,-4.316
2012-04-07,-3.787
2012-04-08,0.170
2012-04-09,4.731
2012-04-10,0.641
2012-04-11,-2.553
2012-04-12,-1.102
2012-04-13,-3.613
2012-04-14,-3.385
2012-04-15,-5.113
2012-04-16,-5.894
2012-04-17,-0.879
2012-04-18,-3.290
2012-04-19,-2.113
2012-04-20,-0.115
2012-04-21,1.152
2012-04-22,0.238
2012-04-23,-0.896
2012-04-24,-2.037
2012-04-25,2.565
2012-04-26,1.645
2012-04-27,1.832
2012-04-28,-1.702
2012-04-29,-2.127
2012-04-30,-2.390
2012-05-01,-1.451
2012-05-02,1.008
2012-05-03,1.310
2012-05-04,0.900
2012-05-05,0.695
2012-05-06,1.151
2012-05-07,4.290
2012-05-08,6.828
2012-05-09,9.958
2012-05-10,13.778
2012-05-11,15.778
2012-05-12,15.073
2012-05-13,13.993
2012-05-14,11.140
2012-05-15,9.773
2012-05-16,13.132
2012-05-17,13.822
2012-05-18,8.918
2012-05-19,2.670
2012-05-20,-1.056
2012-05-21,-0.006
2012-05-22,4.763
2012-05-23,10.424
2012-05-24,13.147
2012-05-25,13.320
2012-05-26,7.824
2012-05-27,7.227
2012-05-28,10.083
2012-05-29,11.726
2012-05-30,13.628
2012-05-31,15.981
2012-06-01,16.067
2012-06-02,13.420
2012-06-03,8.545
2012-06-04,10.547
2012-06-05,13.125
2012-06-06,12.034
2012-06-07,10.210
2012-06-08,5.862
2012-06-09,8.156
2012-06-10,8.562
2012-06-11,5.355
2012-06-12,3.690
2012-06-13,8.260
2012-06-14,11.956
2012-06-15,12.371
2012-06-16,12.819
2012-06-17,13.489
2012-06-18,
2012-06-19,
2012-06-20,13.590
2012-06-21,11.407
2012-06-22,13.247
2012-06-23,15.940
2012-06-24,17.794
2012-06-25,19.301
2012-06-26,20.991
2012-06-27,20.644
2012-06-28,17.117
2012-06-29,13.351
2012-06-30,7.860
2012-07-01,6.718
2012-07-02,11.692
2012-07-03,14.985
2012-07-04,11.629
2012-07-05,8.694
2012-07-06,10.078
2012-07-07,12.601
2012-07-08,12.937
2012-07-09,14.169
2012-07-10,13.172
2012-07-11,11.482
2012-07-12,13.843
2012-07-13,14.946
2012-07-14,10.294
2012-07-15,11.316
2012-07-16,14.881
2012-07-17,17.760
2012-07-18,18.969
2012-07-19,18.606
2012-07-20,15.251
2012-07-21,15.038
2012-07-22,15.546
2012-07-23,17.271
2012-07-24,16.866
2012-07-25,16.859
2012-07-26,15.110
2012-07-27,12.298
2012-07-28,12.381
2012-07-29,14.372
2012-07-30,17.192
2012-07-31,17.987
2012-08-01,16.045
2012-08-02,15.483
2012-08-03,15.642
2012-08-04,14.248
2012-08-05,9.314
2012-08-06,9.692
2012-08-07,14.066
2012-08-08,17.160
2012-08-09,21.119
2012-08-10,21.568
2012-08-11,20.232
2012-08-12,13.385
2012-08-13,13.822
2012-08-14,14.596
2012-08-15,9.175
2012-08-16,14.208
2012-08-17,20.297
2012-08-18,20.818
2012-08-19,19.167
2012-08-20,19.906
2012-08-21,19.881
2012-08-22,19.434
2012-08-23,17.219
2012-08-24,14.252
2012-08-25,11.106
2012-08-26,13.801
2012-08-27,15.473
2012-08-28,15.708
2012-08-29,14.565
2012-08-30,9.889
2012-08-31,9.689
2012-09-01,9.053
2012-09-02,9.272
2012-09-03,9.576
2012-09-04,11.126
2012-09-05,12.353
2012-09-06,14.253
2012-09-07,13.735
2012-09-08,13.354
2012-09-09,13.118
2012-09-10,11.806
2012-09-11,12.994
2012-09-12,13.175
2012-09-13,8.678
2012-09-14,13.697
2012-09-15,17.066
2012-09-16,16.615
2012-09-17,14.762
2012-09-18,12.051
2012-09-19,12.683
2012-09-20,12.215
2012-09-21,12.905
2012-09-22,13.209
2012-09-23,9.451
2012-09-24,5.851
2012-09-25,4.708
2012-09-26,1.644
2012-09-27,3.435
2012-09-28,6.569
2012-09-29,4.540
2012-09-30,2.876
2012-10-01,5.806
2012-10-02,8.528
2012-10-03,9.687
2012-10-04,9.609
2012-10-05,11.289
2012-10-06,10.658
2012-10-07,12.922
2012-10-08,13.332
2012-10-09,12.213
2012-10-10,11.001
2012-10-11,6.855
2012-10-12,4.635
2012-10-13,4.418
2012-10-14,3.092
2012-10-15,0.262
2012-10-16,6.226
2012-10-17,6.485
2012-10-18,5.728
2012-10-19,2.319
2012-10-20,2.562
2012-10-21,1.779
2012-10-22,5.947
2012-10-23,8.858
2012-10-24,6.791
2012-10-25,4.445
2012-10-26,3.949
2012-10-27,0.526
2012-10-28,-4.461
2012-10-29,1.438
2012-10-30,-1.553
2012-10-31,-0.515
2012-11-01,0.515
2012-11-02,2.210
2012-11-03,5.240
2012-11-04,1.944
2012-11-05,-2.944
2012-11-06,-1.585
2012-11-07,-0.354
2012-11-08,3.803
2012-11-09,3.119
2012-11-10,-0.667
2012-11-11,-4.185
2012-11-12,-1.381
2012-11-13,3.181
2012-11-14,5.253
2012-11-15,3.818
2012-11-16,2.996
2012-11-17,1.578
2012-11-18,1.104
2012-11-19,1.564
2012-11-20,3.418
2012-11-21,-0.756
2012-11-22,0.004
2012-11-23,1.883
2012-11-24,3.870
2012-11-25,4.353
2012-11-26,-1.828
2012-11-27,-6.060
2012-11-28,-6.344
2012-11-29,-6.047
2012-11-30,-6.018
2012-12-01,-7.907
2012-12-02,-5.990
2012-12-03,-1.474
2012-12-04,-2.990
2012-12-05,-5.344
2012-12-06,-2.697
2012-12-07,-0.391
2012-12-08,-3.442
2012-12-09,1.051
2012-12-10,0.235
2012-12-11,1.030
2012-12-12,0.620
2012-12-13,-0.974
2012-12-14,1.404
2012-12-15,0.737
2012-12-16,1.144
2012-12-17,-1.297
2012-12-18,1.717
2012-12-19,1.203
2012-12-20,0.054
2012-12-21,2.112
2012-12-22,5.816
2012-12-23,9.276
2012-12-24,5.790
2012-12-25,-0.135
2012-12-26,-1.835
2012-12-27,-0.028
2012-12-28,3.674
2012-12-29,-0.145
2012-12-30,-3.799
2012-12-31,-1.780
2013-01-01,-2.598
2013-01-02,-2.784
2013-01-03,-0.189
2013-01-04,4.396
2013-01-05,5.931
2013-01-06,8.102
2013-01-07,6.967
2013-01-08,4.910
2013-01-09,-1.249
2013-01-10,-0.530
2013-01-11,-1.352
2013-01-12,-2.929
2013-01-13,-6.441
2013-01-14,-5.671
2013-01-15,-5.048
2013-01-16,-2.270
2013-01-17,-1.933
2013-01-18,1.714
2013-01-19,-2.538
2013-01-20,-4.870
2013-01-21,-6.204
2013-01-22,-7.483
2013-01-23,-6.666
2013-01-24,-3.913
2013-01-25,-2.740
2013-01-26,0.020
2013-01-27,0.592
2013-01-28,-1.543
2013-01-29,2.438
2013-01-30,3.674
2013-01-31,5.440
2013-02-01,2.047
2013-02-02,-5.884
2013-02-03,-6.426
2013-02-04,0.164
2013-02-05,-0.615
2013-02-06,-6.510
2013-02-07,-7.653
2013-02-08,-6.799
2013-02-09,-6.101
2013-02-10,-4.226
2013-02-11,-8.104
2013-02-12,-6.485
2013-02-13,-1.740
2013-02-14,0.381
2013-02-15,2.199
2013-02-16,2.128
2013-02-17,-0.503
2013-02-18,-1.010
2013-02-19,-1.333
2013-02-20,-0.176
2013-02-21,-1.479
2013-02-22,-3.010
2013-02-23,-9.478
2013-02-24,-9.438
2013-02-25,-9.076
2013-02-26,-7.678
2013-02-27,-7.492
2013-02-28,-7.301
2013-03-01,-5.311
2013-03-02,-2.692
2013-03-03,-2.040
2013-03-04,-2.347
2013-03-05,-0.363
2013-03-06,1.176
2013-03-07,1.333
2013-03-08,-1.049
2013-03-09,-1.001
2013-03-10,-2.176
2013-03-11,-3.444
2013-03-12,-4.226
2013-03-13,-9.074
2013-03-14,-7.709
2013-03-15,-3.421
2013-03-16,-2.615
2013-03-17,-1.403
2013-03-18,-4.701
2013-03-19,-2.135
2013-03-20,-2.138
2013-03-21,2.490
2013-03-22,-0.931
2013-03-23,-1.554
2013-03-24,-2.337
2013-03-25,-0.803
2013-03-26,0.960
2013-03-27,0.835
2013-03-28,0.442
2013-03-29,2.402
2013-03-30,-0.587
2013-03-31,0.647
2013-04-01,-2.470
2013-04-02,-2.608
2013-04-03,-1.649
2013-04-04,-1.533
2013-04-05,-5.644
2013-04-06,-6.956
2013-04-07,-2.593
2013-04-08,-2.378
2013-04-09,0.814
2013-04-10,2.499
2013-04-11,1.206
2013-04-12,0.806
2013-04-13,5.424
2013-04-14,8.085
2013-04-15,8.173
2013-04-16,9.376
2013-04-17,10.813
2013-04-18,9.260
2013-04-19,1.622
2013-04-20,2.886
2013-04-21,3.574
2013-04-22,2.238
2013-04-23,3.038
2013-04-24,4.587
2013-04-25,4.614
2013-04-26,3.842
2013-04-27,-3.978
2013-04-28,-5.648
2013-04-29,-3.262
2013-04-30,-2.122
2013-05-01,-1.379
2013-05-02,0.166
2013-05-03,1.631
2013-05-04,3.450
2013-05-05,6.002
2013-05-06,6.637
2013-05-07,6.369
2013-05-08,7.501
2013-05-09,6.112
2013-05-10,5.749
2013-05-11,5.437
2013-05-12,6.232
2013-05-13,7.849
2013-05-14,6.232
2013-05-15,-0.819
2013-05-16,-2.391
2013-05-17,-2.978
2013-05-18,-3.405
2013-05-19,-2.680
2013-05-20,-1.506
2013-05-21,-0.097
2013-05-22,3.429
2013-05-23,4.840
2013-05-24,4.374
2013-05-25,5.665
2013-05-26,5.429
2013-05-27,2.842
2013-05-28,0.241
2013-05-29,-1.691
2013-05-30,0.026
2013-05-31,1.490
2013-06-01,2.666
2013-06-02,5.733
2013-06-03,7.091
2013-06-04,9.807
2013-06-05,9.067
2013-06-06,7.976
2013-06-07,3.219
2013-06-08,1.422
2013-06-09,3.203
2013-06-10,7.065
2013-06-11,8.901
2013-06-12,13.272
2013-06-13,14.453
2013-06-14,14.464
2013-06-15,14.614
2013-06-16,15.456
2013-06-17,7.838
2013-06-18,2.152
2013-06-19,1.656
2013-06-20,6.398
2013-06-21,8.054
2013-06-22,11.028
2013-06-23,10.815
2013-06-24,12.500
2013-06-25,13.116
2013-06-26,13.325
2013-06-27,12.156
2013-06-28,12.298
2013-06-29,13.006
2013-06-30,15.230
2013-07-01,13.726
2013-07-02,14.062
2013-07-03,14.645
2013-07-04,16.618
2013-07-05,17.642
2013-07-06,17.582
2013-07-07,18.433
2013-07-08,18.342
2013-07-09,18.829
2013-07-10,17.360
2013-07-11,15.272
2013-07-12,16.199
2013-07-13,14.845
2013-07-14,14.268
2013-07-15,13.886
2013-07-16,14.974
2013-07-17,13.086
2013-07-18,13.971
2013-07-19,16.192
2013-07-20,15.978
2013-07-21,12.765
2013-07-22,15.256
2013-07-23,15.225
2013-07-24,15.892
2013-07-25,17.004
2013-07-26,15.495
2013-07-27,9.388
2013-07-28,7.482
2013-07-29,9.653
2013-07-30,15.472
2013-07-31,18.001
2013-08-01,18.410
2013-08-02,16.487
2013-08-03,14.881
2013-08-04,16.126
2013-08-05,16.455
2013-08-06,13.606
2013-08-07,9.701
2013-08-08,9.818
2013-08-09,13.970
2013-08-10,17.046
2013-08-11,19.076
2013-08-12,16.787
2013-08-13,15.151
2013-08-14,16.476
2013-08-15,17.407
2013-08-16,17.067
2013-08-17,15.515
2013-08-18,16.722
2013-08-19,17.757
2013-08-20,18.026
2013-08-21,19.619
2013-08-22,17.494
2013-08-23,16.975
2013-08-24,14.966
2013-08-25,12.926
2013-08-26,12.149
2013-08-27,12.037
2013-08-28,10.440
2013-08-29,8.706
2013-08-30,10.527
2013-08-31,12.058
2013-09-01,13.784
2013-09-02,14.527
2013-09-03,15.184
2013-09-04,14.741
2013-09-05,10.833
2013-09-06,9.302
2013-09-07,9.949
2013-09-08,9.240
2013-09-09,10.835
2013-09-10,11.758
2013-09-11,8.425
2013-09-12,10.365
2013-09-13,12.085
2013-09-14,12.552
2013-09-15,11.633
2013-09-16,11.883
2013-09-17,10.862
2013-09-18,11.157
2013-09-19,10.647
2013-09-20,11.342
2013-09-21,12.606
2013-09-22,13.690
2013-09-23,14.013
2013-09-24,14.446
2013-09-25,13.247
2013-09-26,13.238
2013-09-27,9.704
2013-09-28,5.894
2013-09-29,5.729
2013-09-30,8.463
2013-10-01,11.333
2013-10-02,11.251
2013-10-03,8.943
2013-10-04,7.274
2013-10-05,6.499
2013-10-06,6.762
2013-10-07,7.832
2013-10-08,8.372
2013-10-09,8.462
2013-10-10,7.776
2013-10-11,6.009
2013-10-12,5.894
2013-10-13,5.038
2013-10-14,6.426
2013-10-15,6.434
2013-10-16,7.961
2013-10-17,10.994
2013-10-18,9.778
2013-10-19,6.297
2013-10-20,5.730
2013-10-21,5.470
2013-10-22,4.426
2013-10-23,5.224
2013-10-24,6.406
2013-10-25,5.843
2013-10-26,5.265
2013-10-27,7.347
2013-10-28,6.773
2013-10-29,-1.651
2013-10-30,-1.242
2013-10-31,2.130
2013-11-01,5.039
2013-11-02,6.332
2013-11-03,3.944
2013-11-04,2.522
2013-11-05,5.040
2013-11-06,8.794
2013-11-07,6.432
2013-11-08,2.267
2013-11-09,-1.449
2013-11-10,1.368
2013-11-11,6.138
2013-11-12,6.742
2013-11-13,2.254
2013-11-14,0.435
2013-11-15,-4.442
2013-11-16,-5.860
2013-11-17,-3.347
2013-11-18,-3.674
2013-11-19,-3.319
2013-11-20,-6.665
2013-11-21,-6.199
2013-11-22,-5.863
2013-11-23,-5.892
2013-11-24,-5.608
2013-11-25,-6.011
2013-11-26,-4.048
2013-11-27,-5.124
2013-11-28,-6.456
2013-11-29,-3.492
2013-11-30,-2.875
2013-12-01,-4.822
2013-12-02,-1.643
2013-12-03,0.487
2013-12-04,1.672
2013-12-05,1.017
2013-12-06,3.501
2013-12-07,3.244
2013-12-08,2.406
2013-12-09,-0.156
2013-12-10,2.578
2013-12-11,2.208
2013-12-12,3.524
2013-12-13,1.196
2013-12-14,1.131
2013-12-15,2.709
2013-12-16,1.920
2013-12-17,-1.145
2013-12-18,-0.436
2013-12-19,-1.298
2013-12-20,-6.491
2013-12-21,-1.036
2013-12-22,0.442
2013-12-23,0.256
2013-12-24,-1.096
2013-12-25,-4.528
2013-12-26,-4.944
2013-12-27,1.101
2013-12-28,-4.750
2013-12-29,-6.367
2013-12-30,-2.519
2013-12-31,-1.182
2014-01-01,-1.049
2014-01-02,1.836
2014-01-03,1.585
2014-01-04,-3.718
2014-01-05,-2.188
2014-01-06,2.201
2014-01-07,3.021
2014-01-08,4.024
2014-01-09,5.418
2014-01-10,3.869
2014-01-11,3.324
2014-01-12,1.811
2014-01-13,-4.410
2014-01-14,-1.569
2014-01-15,-0.613
2014-01-16,-3.751
2014-01-17,-5.164
2014-01-18,-4.606
2014-01-19,-6.246
2014-01-20,-6.113
2014-01-21,-3.819
2014-01-22,-2.892
2014-01-23,-4.481
2014-01-24,-2.530
2014-01-25,-0.604
2014-01-26,0.950
2014-01-27,-4.454
2014-01-28,-5.183
2014-01-29,-5.908
2014-01-30,-6.451
2014-01-31,-2.476
2014-02-01,-4.560
2014-02-02,-6.837
2014-02-03,-6.062
2014-02-04,-4.356
2014-02-05,-3.214
2014-02-06,-0.151
2014-02-07,-4.494
2014-02-08,-3.208
2014-02-09,-4.417
2014-02-10,-7.210
2014-02-11,-4.731
2014-02-12,-1.568
2014-02-13,0.891
2014-02-14,1.319
2014-02-15,-3.756
2014-02-16,-4.774
2014-02-17,-3.611
2014-02-18,-4.685
2014-02-19,-1.491
2014-02-20,-0.207
2014-02-21,-5.703
2014-02-22,-4.900
2014-02-23,-1.478
2014-02-24,-2.922
2014-02-25,-2.757
2014-02-26,-5.880
2014-02-27,-2.458
2014-02-28,-2.377
2014-03-01,-1.297
2014-03-02,0.578
2014-03-03,-5.156
2014-03-04,-4.433
2014-03-05,0.415
2014-03-06,5.046
2014-03-07,5.176
2014-03-08,4.642
2014-03-09,3.056
2014-03-10,3.728
2014-03-11,3.254
2014-03-12,0.992
2014-03-13,-0.945
2014-03-14,0.419
2014-03-15,2.438
2014-03-16,6.782
2014-03-17,7.330
2014-03-18,5.753
2014-03-19,5.185
2014-03-20,4.657
2014-03-21,
2014-03-22,-3.279
2014-03-23,-4.999
2014-03-24,-1.467
2014-03-25,-4.792
2014-03-26,-5.820
2014-03-27,-4.588
2014-03-28,-2.142
2014-03-29,-1.786
2014-03-30,-1.340
2014-03-31,-0.122
2014-04-01,1.108
2014-04-02,-0.395
2014-04-03,-1.998
2014-04-04,-1.155
2014-04-05,3.619
2014-04-06,6.920
2014-04-07,7.835
2014-04-08,8.272
2014-04-09,9.596
2014-04-10,10.312
2014-04-11,8.281
2014-04-12,5.432
2014-04-13,7.193
2014-04-14,8.320
2014-04-15,6.618
2014-04-16,8.833
2014-04-17,9.507
2014-04-18,9.580
2014-04-19,7.714
2014-04-20,1.305
2014-04-21,0.798
2014-04-22,0.942
2014-04-23,2.715
2014-04-24,0.358
2014-04-25,-2.433
2014-04-26,1.974
2014-04-27,0.561
2014-04-28,3.929
2014-04-29,5.066
2014-04-30,4.899
2014-05-01,6.731
2014-05-02,3.994
2014-05-03,4.681
2014-05-04,7.851
2014-05-05,10.533
2014-05-06,10.765
2014-05-07,9.988
2014-05-08,10.740
2014-05-09,11.331
2014-05-10,11.684
2014-05-11,8.263
2014-05-12,9.331
2014-05-13,4.895
2014-05-14,7.135
2014-05-15,8.867
2014-05-16,8.572
2014-05-17,7.554
2014-05-18,8.013
2014-05-19,4.674
2014-05-20,1.282
2014-05-21,-0.726
2014-05-22,-0.572
2014-05-23,0.383
2014-05-24,2.954
2014-05-25,2.973
2014-05-26,2.540
2014-05-27,4.878
2014-05-28,2.008
2014-05-29,3.451
2014-05-30,4.113
2014-05-31,2.601
2014-06-01,5.330
2014-06-02,7.394
2014-06-03,10.053
2014-06-04,7.537
2014-06-05,9.247
2014-06-06,10.135
2014-06-07,8.408
2014-06-08,10.453
2014-06-09,10.551
2014-06-10,10.953
2014-06-11,11.624
2014-06-12,13.476
2014-06-13,15.061
2014-06-14,13.285
2014-06-15,8.800
2014-06-16,7.001
2014-06-17,9.049
2014-06-18,11.869
2014-06-19,13.290
2014-06-20,12.344
2014-06-21,10.666
2014-06-22,10.526
2014-06-23,10.731
2014-06-24,5.610
2014-06-25,4.823
