,TMIN
2005-01-01,4.937
2005-01-02,-1.268
2005-01-03,-1.064
2005-01-04,-2.072
2005-01-05,0.196
2005-01-06,3.586
2005-01-07,3.767
2005-01-08,3.649
2005-01-09,1.135
2005-01-10,1.189
2005-01-11,-0.034
2005-01-12,-1.339
2005-01-13,1.156
2005-01-14,1.881
2005-01-15,0.626
2005-01-16,1.263
2005-01-17,0.512
2005-01-18,-3.387
2005-01-19,-4.313
2005-01-20,-0.015
2005-01-21,5.749
2005-01-22,3.444
2005-01-23,0.21
2005-01-24,-8.196
2005-01-25,-9.926
2005-01-26,-13.259
2005-01-27,-13.39
2005-01-28,-11.618
2005-01-29,-6.863
2005-01-30,-7.874
2005-01-31,-3.973
2005-02-01,-1.422
2005-02-02,0.537
2005-02-03,-2.217
2005-02-04,-3.717
2005-02-05,
2005-02-06,
2005-02-07,
2005-02-08,
2005-02-09,
2005-02-10,
2005-02-11,
2005-02-12,
2005-02-13,-2.661
2005-02-14,-7.121
2005-02-15,-8.314
2005-02-16,-9.587
2005-02-17,-8.439
2005-02-18,-5.942
2005-02-19,-5.678
2005-02-20,-5.284
2005-02-21,-9.679
2005-02-22,-9.327
2005-02-23,-6.315
2005-02-24,-8.888
2005-02-25,-10.337
2005-02-26,-7.964
2005-02-27,-9.115
2005-02-28,-15.314
2005-03-01,-13.925
2005-03-02,-8.536
2005-03-03,-9.262
2005-03-04,-10.487
2005-03-05,-7.232
2005-03-06,-8.74
2005-03-07,-10.118
2005-03-08,-4.689
2005-03-09,0.31
2005-03-10,1.81
2005-03-11,1.645
2005-03-12,0.314
2005-03-13,2.312
2005-03-14,2.191
2005-03-15,3.412
2005-03-16,3.641
2005-03-17,4.293
2005-03-18,3.924
2005-03-19,3.406
2005-03-20,5.961
2005-03-21,5.695
2005-03-22,3.042
2005-03-23,2.163
2005-03-24,1.487
2005-03-25,2.182
2005-03-26,1.09
2005-03-27,-1.764
2005-03-28,-0.365
2005-03-29,1.74
2005-03-30,0.186
2005-03-31,3.909
2005-04-01,3.561
2005-04-02,1.446
2005-04-03,1.596
2005-04-04,1.986
2005-04-05,1.627
2005-04-06,3.383
2005-04-07,2.709
2005-04-08,-6.245
2005-04-09,-6.942
2005-04-10,-4.851
2005-04-11,-1.911
2005-04-12,-2.086
2005-04-13,1.183
2005-04-14,-1.875
2005-04-15,-5.256
2005-04-16,-5.219
2005-04-17,-1.765
2005-04-18,-1.447
2005-04-19,-2.523
2005-04-20,-0.848
2005-04-21,0.903
2005-04-22,4.208
2005-04-23,3.494
2005-04-24,0.18
2005-04-25,-1.473
2005-04-26,2.869
2005-04-27,4.597
2005-04-28,7.477
2005-04-29,6.653
2005-04-30,7.966
2005-05-01,9.238
2005-05-02,6.451
2005-05-03,3.802
2005-05-04,4.76
2005-05-05,2.214
2005-05-06,1.996
2005-05-07,6.962
2005-05-08,9.116
2005-05-09,7.361
2005-05-10,4.746
2005-05-11,3.326
2005-05-12,4.481
2005-05-13,1.386
2005-05-14,0.161
2005-05-15,1.051
2005-05-16,-0.179
2005-05-17,-0.882
2005-05-18,1.879
2005-05-19,6.848
2005-05-20,10.3
2005-05-21,5.3
2005-05-22,2.2
2005-05-23,2
2005-05-24,7.8
2005-05-25,10.9
2005-05-26,13.2
2005-05-27,13.3
2005-05-28,12.7
2005-05-29,9.7
2005-05-30,9.7
2005-05-31,8.9
2005-06-01,8.7
2005-06-02,9.2
2005-06-03,11.7
2005-06-04,11.4
2005-06-05,12.4
2005-06-06,13.2
2005-06-07,11.4
2005-06-08,11.7
2005-06-09,11.8
2005-06-10,12.3
2005-06-11,12.7
2005-06-12,11.6
2005-06-13,6.34
2005-06-14,5.7
2005-06-15,7.85
2005-06-16,11.72
2005-06-17,15.14
2005-06-18,14.3
2005-06-19,14.4
2005-06-20,12.4
2005-06-21,14.3
2005-06-22,12
2005-06-23,10.7
2005-06-24,10.7
2005-06-25,13.4
2005-06-26,14.3
2005-06-27,15.1
2005-06-28,9.3
2005-06-29,6.3
2005-06-30,8.2
2005-07-01,10.4
2005-07-02,13.6
2005-07-03,17.5
2005-07-04,12.2
2005-07-05,9.7
2005-07-06,13
2005-07-07,13.1
2005-07-08,12.8
2005-07-09,11.6
2005-07-10,12.3
2005-07-11,11.4
2005-07-12,15.1
2005-07-13,15.7
2005-07-14,16.8
2005-07-15,17.4
2005-07-16,18.3
2005-07-17,10.6
2005-07-18,7.3
2005-07-19,12.6
2005-07-20,16.9
2005-07-21,17.3
2005-07-22,15.3
2005-07-23,15.3
2005-07-24,13.2
2005-07-25,11.9
2005-07-26,11.3
2005-07-27,12.6
2005-07-28,9.7
2005-07-29,8.1
2005-07-30,7.3
2005-07-31,10.8
2005-08-01,9.9
2005-08-02,6.9
2005-08-03,9.1
2005-08-04,13.2
2005-08-05,16.7
2005-08-06,17.7
2005-08-07,19.2
2005-08-08,19.8
2005-08-09,14.7
2005-08-10,9.4
2005-08-11,9.3
2005-08-12,10.3
2005-08-13,13.5
2005-08-14,16.1
2005-08-15,16.9
2005-08-16,14.9
2005-08-17,14.8
2005-08-18,14.6
2005-08-19,10.4
2005-08-20,5
2005-08-21,3.3
2005-08-22,5.4
2005-08-23,10.8
2005-08-24,12.8
2005-08-25,15
2005-08-26,14
2005-08-27,12.6
2005-08-28,12.8
2005-08-29,13.7
2005-08-30,15.7
2005-08-31,14.2
2005-09-01,13.3
2005-09-02,13.1
2005-09-03,14.9
2005-09-04,14
2005-09-05,7.2
2005-09-06,4.4
2005-09-07,3.8
2005-09-08,5.8
2005-09-09,7.1
2005-09-10,3.6
2005-09-11,3.5
2005-09-12,5
2005-09-13,5.5
2005-09-14,9
2005-09-15,11.2
2005-09-16,10.9
2005-09-17,-1.6
2005-09-18,-2
2005-09-19,4.5
2005-09-20,8.8
2005-09-21,10.2
2005-09-22,10.2
2005-09-23,12.7
2005-09-24,11.5
2005-09-25,7.8
2005-09-26,5.2
2005-09-27,7.5
2005-09-28,9.3
2005-09-29,10.1
2005-09-30,11.5
2005-10-01,10.9
2005-10-02,2.5
2005-10-03,1.4
2005-10-04,5.9
2005-10-05,5.9
2005-10-06,7.6
2005-10-07,6.9
2005-10-08,9.4
2005-10-09,10.3
2005-10-10,8.6
2005-10-11,8.1
2005-10-12,3
2005-10-13,0.7
2005-10-14,0.9
2005-10-15,0.1
2005-10-16,3.6
2005-10-17,5.7
2005-10-18,3.6
2005-10-19,2.5
2005-10-20,4.9
2005-10-21,3.5
2005-10-22,4.5
2005-10-23,3.6
2005-10-24,3.7
2005-10-25,7.4
2005-10-26,5.4
2005-10-27,5.8
2005-10-28,5.796
2005-10-29,5.296
2005-10-30,7.971
2005-10-31,3.512
2005-11-01,4.086
2005-11-02,5.261
2005-11-03,5.338
2005-11-04,-0.823
2005-11-05,-0.902
2005-11-06,4.499
2005-11-07,6.34
2005-11-08,-0.667
2005-11-09,-2.371
2005-11-10,-1.638
2005-11-11,1.937
2005-11-12,-2.062
2005-11-13,-3.086
2005-11-14,-0.207
2005-11-15,-0.28
2005-11-16,0.514
2005-11-17,0.314
2005-11-18,0.017
2005-11-19,1.5
2005-11-20,1.5
2005-11-21,1.5
2005-11-22,3.045
2005-11-23,-4.5
2005-11-24,-6
2005-11-25,-5.2
2005-11-26,-8.1
2005-11-27,-7.6
2005-11-28,-4.7
2005-11-29,-6.1
2005-11-30,-5.7
2005-12-01,-2.5
2005-12-02,-0.8
2005-12-03,-2.9
2005-12-04,0.2
2005-12-05,-3.4
2005-12-06,-4.6
2005-12-07,-1.7
2005-12-08,0
2005-12-09,-0.8
2005-12-10,-0.9
2005-12-11,-1.6
2005-12-12,-5.5
2005-12-13,-4.1
2005-12-14,-5.6
2005-12-15,-5.5
2005-12-16,-4.1
2005-12-17,-1.8
2005-12-18,-4.5
2005-12-19,-1.446
2005-12-20,-3.078
2005-12-21,-4.115
2005-12-22,-0.61
2005-12-23,1.666
2005-12-24,-0.173
2005-12-25,-0.125
2005-12-26,-0.453
2005-12-27,-1.693
2005-12-28,-8.419
2005-12-29,-6.93
2005-12-30,1.909
2005-12-31,-0.362
2006-01-01,-3.584
2006-01-02,-3.117
2006-01-03,-2.747
2006-01-04,-1.494
2006-01-05,-2.583
2006-01-06,-3.037
2006-01-07,-3.415
2006-01-08,
2006-01-09,
2006-01-10,
2006-01-11,
2006-01-12,
2006-01-13,
2006-01-14,
2006-01-15,
2006-01-16,
2006-01-17,
2006-01-18,
2006-01-19,4.4
2006-01-20,2.5
2006-01-21,2.2
2006-01-22,-1.8
2006-01-23,-4.3
2006-01-24,-3.6
2006-01-25,-5.3
2006-01-26,-5.2
2006-01-27,-11.6
2006-01-28,-12
2006-01-29,-10.1
2006-01-30,-10.1
2006-01-31,
2006-02-01,
2006-02-02,
2006-02-03,
2006-02-04,
2006-02-05,
2006-02-06,
2006-02-07,
2006-02-08,
2006-02-09,
2006-02-10,
2006-02-11,
2006-02-12,
2006-02-13,3.8
2006-02-14,1.4
2006-02-15,-0.1
2006-02-16,-1.8
2006-02-17,-3.3
2006-02-18,-2.7
2006-02-19,-5.1
2006-02-20,-5.3
2006-02-21,-7
2006-02-22,-8.2
2006-02-23,-8
2006-02-24,-7.4
2006-02-25,-6.5
2006-02-26,-6.4
2006-02-27,-5.9
2006-02-28,-5.7
2006-03-01,-6.1
2006-03-02,-6.7
2006-03-03,-2.1
2006-03-04,-2.866
2006-03-05,-9.524
2006-03-06,-6.976
2006-03-07,-3.336
2006-03-08,2.083
2006-03-09,-2.288
2006-03-10,-4.458
2006-03-11,-1.697
2006-03-12,0.4
2006-03-13,6.639
2006-03-14,5.838
2006-03-15,6.906
2006-03-16,
2006-03-17,
2006-03-18,
2006-03-19,
2006-03-20,
2006-03-21,
2006-03-22,
2006-03-23,
2006-03-24,
2006-03-25,
2006-03-26,
2006-03-27,
2006-03-28,
2006-03-29,
2006-03-30,
2006-03-31,
2006-04-01,
2006-04-02,
2006-04-03,
2006-04-04,
2006-04-05,
2006-04-06,
2006-04-07,
2006-04-08,
2006-04-09,
2006-04-10,
2006-04-11,
2006-04-12,
2006-04-13,
2006-04-14,
2006-04-15,
2006-04-16,
2006-04-17,
2006-04-18,
2006-04-19,
2006-04-20,
2006-04-21,
2006-04-22,
2006-04-23,
2006-04-24,
2006-04-25,9.267
2006-04-26,8.741
2006-04-27,7.082
2006-04-28,4.763
2006-04-29,-0.456
2006-04-30,1.876
2006-05-01,4.999
2006-05-02,5.838
2006-05-03,6.323
2006-05-04,5.846
2006-05-05,5.02
2006-05-06,5.566
2006-05-07,2.246
2006-05-08,-1.398
2006-05-09,3.646
2006-05-10,6.456
2006-05-11,5.496
2006-05-12,4.395
2006-05-13,7.442
2006-05-14,8.916
2006-05-15,11.326
2006-05-16,12.96
2006-05-17,13.296
2006-05-18,6.77
2006-05-19,5.926
2006-05-20,4.971
2006-05-21,6.328
2006-05-22,0.933
2006-05-23,0.466
2006-05-24,-0.048
2006-05-25,4.068
2006-05-26,7.869
2006-05-27,9.257
2006-05-28,9.796
2006-05-29,10.94
2006-05-30,9.07
2006-05-31,3.083
2006-06-01,1.8
2006-06-02,7.1
2006-06-03,6.2
2006-06-04,7
2006-06-05,10
2006-06-06,12
2006-06-07,15.6
2006-06-08,16.4
2006-06-09,7.9
2006-06-10,8.5
2006-06-11,11.5
2006-06-12,10.351
2006-06-13,9.72
2006-06-14,10.125
2006-06-15,7.558
2006-06-16,7.935
2006-06-17,7.604
2006-06-18,7.887
2006-06-19,11.032
2006-06-20,10.019
2006-06-21,10.629
2006-06-22,13.374
2006-06-23,14.384
2006-06-24,11.442
2006-06-25,8.974
2006-06-26,9.654
2006-06-27,12.923
2006-06-28,11.541
2006-06-29,11.409
2006-06-30,13.3
2006-07-01,13.9
2006-07-02,13
2006-07-03,10.2
2006-07-04,11.318
2006-07-05,9.656
2006-07-06,
2006-07-07,
2006-07-08,
2006-07-09,
2006-07-10,
2006-07-11,
2006-07-12,
2006-07-13,
2006-07-14,
2006-07-15,
2006-07-16,
2006-07-17,
2006-07-18,
2006-07-19,
2006-07-20,17.9
2006-07-21,16.2
2006-07-22,12.5
2006-07-23,14.2
2006-07-24,16.4
2006-07-25,16.7
2006-07-26,17.3
2006-07-27,12.2
2006-07-28,10
2006-07-29,13.1
2006-07-30,15.5
2006-07-31,13.9
2006-08-01,13.5
2006-08-02,15.9
2006-08-03,12.9
2006-08-04,11.7
2006-08-05,13.4
2006-08-06,13.6
2006-08-07,12.6
2006-08-08,9.7
2006-08-09,10.3
2006-08-10,14.3
2006-08-11,14.4
2006-08-12,11.7
2006-08-13,9.2
2006-08-14,13.7
2006-08-15,10.2
2006-08-16,6.2
2006-08-17,6.2
2006-08-18,5.1
2006-08-19,5.4
2006-08-20,7
2006-08-21,11.7
2006-08-22,13.2
2006-08-23,13
2006-08-24,11.7
2006-08-25,11.9
2006-08-26,10.1
2006-08-27,10.1
2006-08-28,13.5
2006-08-29,14
2006-08-30,12.9
2006-08-31,14
2006-09-01,17.2
2006-09-02,17.6
2006-09-03,18.6
2006-09-04,18.9
2006-09-05,16.7
2006-09-06,13.8
2006-09-07,12.7
2006-09-08,16.82
2006-09-09,17.444
2006-09-10,15.68
2006-09-11,13.547
2006-09-12,10.8
2006-09-13,9.677
2006-09-14,4.1
2006-09-15,3
2006-09-16,2.2
2006-09-17,6.9
2006-09-18,8.4
2006-09-19,10.1
2006-09-20,12.9
2006-09-21,5.8
2006-09-22,4.4
2006-09-23,5.6
2006-09-24,4.3
2006-09-25,3.8
2006-09-26,6.1
2006-09-27,10.8
2006-09-28,9.5
2006-09-29,8.5
2006-09-30,11.235
2006-10-01,8.226
2006-10-02,13.725
2006-10-03,4.097
2006-10-04,3.743
2006-10-05,4.853
2006-10-06,
2006-10-07,
2006-10-08,
2006-10-09,
2006-10-10,
2006-10-11,
2006-10-12,
2006-10-13,
2006-10-14,
2006-10-15,
2006-10-16,
2006-10-17,
2006-10-18,
2006-10-19,
2006-10-20,
2006-10-21,
2006-10-22,
2006-10-23,
2006-10-24,
2006-10-25,
2006-10-26,
2006-10-27,
2006-10-28,
2006-10-29,
2006-10-30,
2006-10-31,
2006-11-01,
2006-11-02,
2006-11-03,
2006-11-04,
2006-11-05,
2006-11-06,
2006-11-07,
2006-11-08,
2006-11-09,
2006-11-10,
2006-11-11,
2006-11-12,
2006-11-13,
2006-11-14,
2006-11-15,
2006-11-16,
2006-11-17,
2006-11-18,
2006-11-19,
2006-11-20,
2006-11-21,
2006-11-22,
2006-11-23,
2006-11-24,
2006-11-25,
2006-11-26,
2006-11-27,
2006-11-28,
2006-11-29,
2006-11-30,
2006-12-01,
2006-12-02,
2006-12-03,
2006-12-04,
2006-12-05,
2006-12-06,
2006-12-07,
2006-12-08,
2006-12-09,
2006-12-10,
2006-12-11,
2006-12-12,
2006-12-13,
2006-12-14,
2006-12-15,
2006-12-16,
2006-12-17,
2006-12-18,
2006-12-19,
2006-12-20,
2006-12-21,
2006-12-22,
2006-12-23,
2006-12-24,
2006-12-25,
2006-12-26,
2006-12-27,
2006-12-28,
2006-12-29,
2006-12-30,
2006-12-31,
2007-01-01,
2007-01-02,
2007-01-03,
2007-01-04,
2007-01-05,
2007-01-06,
2007-01-07,
2007-01-08,
2007-01-09,
2007-01-10,
2007-01-11,
2007-01-12,
2007-01-13,
2007-01-14,
2007-01-15,
2007-01-16,
2007-01-17,
2007-01-18,
2007-01-19,
2007-01-20,
2007-01-21,
2007-01-22,
2007-01-23,
2007-01-24,
2007-01-25,
2007-01-26,
2007-01-27,
2007-01-28,
2007-01-29,
2007-01-30,
2007-01-31,
2007-02-01,-1.5
2007-02-02,-1.6
2007-02-03,-1
2007-02-04,-0.6
2007-02-05,-1.1
2007-02-06,-1.8
2007-02-07,-1.5
2007-02-08,
2007-02-09,
2007-02-10,
2007-02-11,
2007-02-12,
2007-02-13,
2007-02-14,
2007-02-15,
2007-02-16,
2007-02-17,
2007-02-18,
2007-02-19,
2007-02-20,
2007-02-21,
2007-02-22,
2007-02-23,
2007-02-24,
2007-02-25,
2007-02-26,
2007-02-27,
2007-02-28,
2007-03-01,
2007-03-02,
2007-03-03,
2007-03-04,
2007-03-05,
2007-03-06,
2007-03-07,
2007-03-08,
2007-03-09,
2007-03-10,
2007-03-11,
2007-03-12,6.5
2007-03-13,
2007-03-14,
2007-03-15,
2007-03-16,
2007-03-17,
2007-03-18,
2007-03-19,
2007-03-20,
2007-03-21,
2007-03-22,
2007-03-23,
2007-03-24,
2007-03-25,
2007-03-26,
2007-03-27,
2007-03-28,
2007-03-29,
2007-03-30,
2007-03-31,
2007-04-01,
2007-04-02,
2007-04-03,
2007-04-04,
2007-04-05,
2007-04-06,
2007-04-07,
2007-04-08,
2007-04-09,
2007-04-10,
2007-04-11,
2007-04-12,2.6
2007-04-13,1.8
2007-04-14,2.7
2007-04-15,3.8
2007-04-16,4.6
2007-04-17,4
2007-04-18,3.9
2007-04-19,4.5
2007-04-20,5.7
2007-04-21,4.3
2007-04-22,6.2
2007-04-23,6.4
2007-04-24,7.6
2007-04-25,3.6
2007-04-26,0.6
2007-04-27,1.4
2007-04-28,0.8
2007-04-29,1.2
2007-04-30,-2.2
2007-05-01,-2.7
2007-05-02,-0.6
2007-05-03,0.6
2007-05-04,1.5
2007-05-05,-0.1
2007-05-06,-1.1
2007-05-07,4.9
2007-05-08,7.6
2007-05-09,7.7
2007-05-10,7.5
2007-05-11,5.8
2007-05-12,6.6
2007-05-13,0.2
2007-05-14,-1.9
2007-05-15,1
2007-05-16,4.2
2007-05-17,7.3
2007-05-18,10.8
2007-05-19,10
2007-05-20,5.6
2007-05-21,5.7
2007-05-22,3.6
2007-05-23,5
2007-05-24,4.6
2007-05-25,3.7
2007-05-26,3.7
2007-05-27,0.7
2007-05-28,-2.2
2007-05-29,1.8
2007-05-30,5.6
2007-05-31,1.5
2007-06-01,1.5
2007-06-02,5.9
2007-06-03,7.5
2007-06-04,6.9
2007-06-05,6.5
2007-06-06,5
2007-06-07,9.4
2007-06-08,12.4
2007-06-09,10.6
2007-06-10,7.7
2007-06-11,5.6
2007-06-12,9.4
2007-06-13,7.4
2007-06-14,5.5
2007-06-15,4.7
2007-06-16,7.3
2007-06-17,7
2007-06-18,7.9
2007-06-19,7.5
2007-06-20,5.1
2007-06-21,4
2007-06-22,3.2
2007-06-23,8.6
2007-06-24,10.6
2007-06-25,6.7
2007-06-26,5.2
2007-06-27,7.1
2007-06-28,9.3
2007-06-29,11.4
2007-06-30,13.6
2007-07-01,7.4
2007-07-02,5.8
2007-07-03,7.6
2007-07-04,8.9
2007-07-05,9.6
2007-07-06,12.3
2007-07-07,15.1
2007-07-08,12.4
2007-07-09,7.5
2007-07-10,5.6
2007-07-11,9.8
2007-07-12,10.6
2007-07-13,14.9
2007-07-14,14.3
2007-07-15,14
2007-07-16,7.9
2007-07-17,9.8
2007-07-18,10.1
2007-07-19,7.4
2007-07-20,5.7
2007-07-21,8.7
2007-07-22,8.2
2007-07-23,7.2
2007-07-24,5.2
2007-07-25,12.1
2007-07-26,15.6
2007-07-27,16.1
2007-07-28,15.5
2007-07-29,15.7
2007-07-30,15.3
2007-07-31,16.8
2007-08-01,12.5
2007-08-02,10.8
2007-08-03,13.8
2007-08-04,18.5
2007-08-05,10.9
2007-08-06,10.9
2007-08-07,8.7
2007-08-08,7.7
2007-08-09,9.6
2007-08-10,11.9
2007-08-11,12.8
2007-08-12,11.2
2007-08-13,11.2
2007-08-14,11
2007-08-15,9.3
2007-08-16,6.9
2007-08-17,8.2
2007-08-18,12.5
2007-08-19,6.9
2007-08-20,5.2
2007-08-21,3.7
2007-08-22,1.8
2007-08-23,5.1
2007-08-24,8.6
2007-08-25,8.2
2007-08-26,11.3
2007-08-27,15.8
2007-08-28,19.7
2007-08-29,
2007-08-30,
2007-08-31,
2007-09-01,
2007-09-02,
2007-09-03,
2007-09-04,
2007-09-05,
2007-09-06,
2007-09-07,
2007-09-08,
2007-09-09,
2007-09-10,
2007-09-11,
2007-09-12,
2007-09-13,
2007-09-14,
2007-09-15,
2007-09-16,
2007-09-17,
2007-09-18,
2007-09-19,
2007-09-20,
2007-09-21,
2007-09-22,
2007-09-23,
2007-09-24,
2007-09-25,
2007-09-26,
2007-09-27,
2007-09-28,
2007-09-29,
2007-09-30,
2007-10-01,
2007-10-02,
2007-10-03,
2007-10-04,
2007-10-05,
2007-10-06,
2007-10-07,
2007-10-08,
2007-10-09,
2007-10-10,
2007-10-11,
2007-10-12,
2007-10-13,
2007-10-14,
2007-10-15,
2007-10-16,
2007-10-17,
2007-10-18,
2007-10-19,
2007-10-20,
2007-10-21,
2007-10-22,
2007-10-23,
2007-10-24,
2007-10-25,
2007-10-26,
2007-10-27,
2007-10-28,
2007-10-29,2.2
2007-10-30,-0.3
2007-10-31,-1.1
2007-11-01,1.5
2007-11-02,6.6
2007-11-03,6.1
2007-11-04,5.8
2007-11-05,5.8
2007-11-06,6.8
2007-11-07,7.1
2007-11-08,6.7
2007-11-09,5.6
2007-11-10,6.1
2007-11-11,5.7
2007-11-12,5.2
2007-11-13,1
2007-11-14,-0.5
2007-11-15,-3.4
2007-11-16,-2.3
2007-11-17,-0.7
2007-11-18,0.9
2007-11-19,-0.2
2007-11-20,1.2
2007-11-21,-1.5
2007-11-22,-0.6
2007-11-23,
2007-11-24,
2007-11-25,-2.8
2007-11-26,-2.9
2007-11-27,-1.9
2007-11-28,-0.9
2007-11-29,-2.5
2007-11-30,0.5
2007-12-01,-0.3
2007-12-02,-0.9
2007-12-03,-1.5
2007-12-04,0.8
2007-12-05,2.7
2007-12-06,0.7
2007-12-07,-0.2
2007-12-08,-0.1
2007-12-09,-2
2007-12-10,-3.2
2007-12-11,-4
2007-12-12,1.5
2007-12-13,-0.3
2007-12-14,-0.8
2007-12-15,-1.2
2007-12-16,-7.6
2007-12-17,-7.3
2007-12-18,-6.9
2007-12-19,-3.1
2007-12-20,-2.4
2007-12-21,-1.5
2007-12-22,-0.4
2007-12-23,-0.8
2007-12-24,-3
2007-12-25,-2.9
2007-12-26,-2.4
2007-12-27,-2.6
2007-12-28,-0.7
2007-12-29,-1.2
2007-12-30,-3.7
2007-12-31,-2.5
2008-01-01,-1.7
2008-01-02,-1.5
2008-01-03,-3.5
2008-01-04,-4.1
2008-01-05,-2.6
2008-01-06,3
2008-01-07,-0.3
2008-01-08,2.4
2008-01-09,1.1
2008-01-10,0.5
2008-01-11,-6
2008-01-12,-5.9
2008-01-13,-1.7
2008-01-14,-2.7
2008-01-15,-2.6
2008-01-16,-2.2
2008-01-17,-2.3
2008-01-18,0.7
2008-01-19,5.4
2008-01-20,6.2
2008-01-21,4.7
2008-01-22,3.6
2008-01-23,2.3
2008-01-24,0.8
2008-01-25,-0.3
2008-01-26,0
2008-01-27,0.9
2008-01-28,2
2008-01-29,0.2
2008-01-30,-3
2008-01-31,-5
2008-02-01,-2.5
2008-02-02,-3.2
2008-02-03,-2.2
2008-02-04,-3.7
2008-02-05,-2.9
2008-02-06,-1.4
2008-02-07,2
2008-02-08,5.2
2008-02-09,3.2
2008-02-10,1.6
2008-02-11,-0.1
2008-02-12,-4.6
2008-02-13,-4
2008-02-14,-3
2008-02-15,-0.5
2008-02-16,-1
2008-02-17,-3
2008-02-18,-1.5
2008-02-19,0.8
2008-02-20,0.6
2008-02-21,1.4
2008-02-22,1.2
2008-02-23,0.4
2008-02-24,-0.7
2008-02-25,1.1
2008-02-26,2.1
2008-02-27,1.3
2008-02-28,1.3
2008-02-29,1.5
2008-03-01,2.1
2008-03-02,4.8
2008-03-03,1.5
2008-03-04,-7.8
2008-03-05,-8.1
2008-03-06,-9.1
2008-03-07,-3.3
2008-03-08,0
2008-03-09,-3
2008-03-10,-4.7
2008-03-11,-0.8
2008-03-12,0.9
2008-03-13,3.7
2008-03-14,6.4
2008-03-15,-1
2008-03-16,-2.7
2008-03-17,-1.4
2008-03-18,-2.7
2008-03-19,-3.5
2008-03-20,-3.9
2008-03-21,-2.9
2008-03-22,-7.9
2008-03-23,-8.7
2008-03-24,-6.5
2008-03-25,-1.8
2008-03-26,-3.6
2008-03-27,-3.4
2008-03-28,0
2008-03-29,1.2
2008-03-30,-3.4
2008-03-31,-4
2008-04-01,-0.1
2008-04-02,4.3
2008-04-03,5.3
2008-04-04,7.9
2008-04-05,6.6
2008-04-06,5.5
2008-04-07,1.3
2008-04-08,0.3
2008-04-09,2.1
2008-04-10,0.5
2008-04-11,-3.9
2008-04-12,-4
2008-04-13,-2.4
2008-04-14,-3
2008-04-15,-0.9
2008-04-16,1.7
2008-04-17,-2.2
2008-04-18,-1.9
2008-04-19,-1.4
2008-04-20,-1.8
2008-04-21,-1.3
2008-04-22,-1.6
2008-04-23,3.4
2008-04-24,3.5
2008-04-25,6.9
2008-04-26,7.9
2008-04-27,9.2
2008-04-28,0
2008-04-29,-3
2008-04-30,-4
2008-05-01,0.3
2008-05-02,5.8
2008-05-03,6.9
2008-05-04,7.6
2008-05-05,7.4
2008-05-06,8.5
2008-05-07,6.5
2008-05-08,5.4
2008-05-09,2.1
2008-05-10,0.4
2008-05-11,2
2008-05-12,2.1
2008-05-13,3
2008-05-14,2.5
2008-05-15,2.4
2008-05-16,2.7
2008-05-17,2.8
2008-05-18,0
2008-05-19,0.8
2008-05-20,1.8
2008-05-21,4.4
2008-05-22,3.7
2008-05-23,3.1
2008-05-24,0.5
2008-05-25,0.7
2008-05-26,0.6
2008-05-27,1.3
2008-05-28,2.3
2008-05-29,3.2
2008-05-30,3
2008-05-31,2.7
2008-06-01,2.7
2008-06-02,4.2
2008-06-03,3
2008-06-04,4.9
2008-06-05,4.5
2008-06-06,3.3
2008-06-07,5.2
2008-06-08,1.8
2008-06-09,2.4
2008-06-10,3.1
2008-06-11,5.3
2008-06-12,4.5
2008-06-13,7.5
2008-06-14,8.3
2008-06-15,7.4
2008-06-16,5.3
2008-06-17,3.3
2008-06-18,8.4
2008-06-19,11
2008-06-20,12.6
2008-06-21,14.7
2008-06-22,13.9
2008-06-23,12.3
2008-06-24,
2008-06-25,
2008-06-26,
2008-06-27,
2008-06-28,
2008-06-29,
2008-06-30,
2008-07-01,
2008-07-02,
2008-07-03,8.6
2008-07-04,10.7
2008-07-05,10.2
2008-07-06,5.8
2008-07-07,4.1
2008-07-08,7.2
2008-07-09,13.1
2008-07-10,12
2008-07-11,9.3
2008-07-12,6
2008-07-13,4.3
2008-07-14,8.3
2008-07-15,10.1
2008-07-16,11
2008-07-17,11.1
2008-07-18,13.4
2008-07-19,17.1
2008-07-20,14.3
2008-07-21,14.6
2008-07-22,13.4
2008-07-23,17.7
2008-07-24,13.7
2008-07-25,9.9
2008-07-26,10.9
2008-07-27,12.8
2008-07-28,10.8
2008-07-29,10.5
2008-07-30,13.8
2008-07-31,13
2008-08-01,10.2
2008-08-02,12.6
2008-08-03,15.9
2008-08-04,17.6
2008-08-05,18.8
2008-08-06,15.1
2008-08-07,8.5
2008-08-08,9.9
2008-08-09,12.4
2008-08-10,15.9
2008-08-11,10.9
2008-08-12,7
2008-08-13,4.9
2008-08-14,5.1
2008-08-15,2.3
2008-08-16,8.1
2008-08-17,
2008-08-18,12.8
2008-08-19,10.6
2008-08-20,10.2
2008-08-21,13.1
2008-08-22,7.6
2008-08-23,9.4
2008-08-24,10.8
2008-08-25,12.2
2008-08-26,13.4
2008-08-27,13.1
2008-08-28,14.3
2008-08-29,12.3
2008-08-30,9
2008-08-31,8
2008-09-01,10.5
2008-09-02,11.7
2008-09-03,9.1
2008-09-04,7.6
2008-09-05,8.9
2008-09-06,5
2008-09-07,4.1
2008-09-08,10.1
2008-09-09,7.5
2008-09-10,11.1
2008-09-11,3.1
2008-09-12,0.3
2008-09-13,2.4
2008-09-14,4.7
2008-09-15,8.6
2008-09-16,9.8
2008-09-17,11.3
2008-09-18,10.5
2008-09-19,7.6
2008-09-20,9.9
2008-09-21,9.2
2008-09-22,7.6
2008-09-23,5.7
2008-09-24,4.7
2008-09-25,2.7
2008-09-26,4.2
2008-09-27,3.2
2008-09-28,3.6
2008-09-29,5.2
2008-09-30,6.3
2008-10-01,5.9
2008-10-02,3.2
2008-10-03,-0.7
2008-10-04,-0.9
2008-10-05,4.6
2008-10-06,6.1
2008-10-07,3.9
2008-10-08,0.7
2008-10-09,-1
2008-10-10,5.2
2008-10-11,6.2
2008-10-12,6.9
2008-10-13,7.1
2008-10-14,7
2008-10-15,6.8
2008-10-16,6.3
2008-10-17,5.1
2008-10-18,5.1
2008-10-19,5.4
2008-10-20,6.6
2008-10-21,4.4
2008-10-22,-1.5
2008-10-23,0.9
2008-10-24,-0.4
2008-10-25,3.2
2008-10-26,5.2
2008-10-27,4
2008-10-28,-5.3
2008-10-29,-6.6
2008-10-30,-6.6
2008-10-31,-2.8
2008-11-01,-3.7
2008-11-02,-3.9
2008-11-03,-3.9
2008-11-04,-3.5
2008-11-05,-3.6
2008-11-06,-1.8
2008-11-07,-1.7
2008-11-08,-2.1
2008-11-09,-1.1
2008-11-10,2.2
2008-11-11,-1.4
2008-11-12,-4
2008-11-13,-3.8
2008-11-14,-5.7
2008-11-15,-0.5
2008-11-16,2.9
2008-11-17,2
2008-11-18,-1.7
2008-11-19,-3.2
2008-11-20,-2.4
2008-11-21,-0.9
2008-11-22,-0.4
2008-11-23,-1.5
2008-11-24,-5.9
2008-11-25,-9.6
2008-11-26,-10.4
2008-11-27,-9.8
2008-11-28,-10.1
2008-11-29,-7.4
2008-11-30,-7.8
2008-12-01,-7.8
2008-12-02,-7.8
2008-12-03,-6.4
2008-12-04,-3.9
2008-12-05,-1.7
2008-12-06,-1.7
2008-12-07,0.5
2008-12-08,-1.5
2008-12-09,-4.4
2008-12-10,-8.1
2008-12-11,-8.6
2008-12-12,-6.4
2008-12-13,-6.4
2008-12-14,-8.3
2008-12-15,-9
2008-12-16,-5.5
2008-12-17,-5.5
2008-12-18,-4.7
2008-12-19,-0.3
2008-12-20,5.3
2008-12-21,6.6
2008-12-22,5.1
2008-12-23,3.8
2008-12-24,2.9
2008-12-25,-1.2
2008-12-26,-7.6
2008-12-27,-7.8
2008-12-28,-5
2008-12-29,-2.5
2008-12-30,-0.5
2008-12-31,-1.5
2009-01-01,-0.4
2009-01-02,-1.5
2009-01-03,-1.4
2009-01-04,-4.7
2009-01-05,-6.5
2009-01-06,-10.7
2009-01-07,-13.8
2009-01-08,-15
2009-01-09,-11.6
2009-01-10,-10.7
2009-01-11,-8.3
2009-01-12,-5.2
2009-01-13,-5.7
2009-01-14,-7.7
2009-01-15,-3.2
2009-01-16,-2.9
2009-01-17,-6
2009-01-18,-1.6
2009-01-19,-5.1
2009-01-20,-9
2009-01-21,-9.6
2009-01-22,-4.7
2009-01-23,0.9
2009-01-24,-5.4
2009-01-25,-7.7
2009-01-26,-8.1
2009-01-27,-5.3
2009-01-28,-1.2
2009-01-29,1
2009-01-30,-0.3
2009-01-31,-7.8
2009-02-01,-6.6
2009-02-02,-4.6
2009-02-03,-5.3
2009-02-04,-5.2
2009-02-05,-5.2
2009-02-06,-9.1
2009-02-07,-10.1
2009-02-08,-7.9
2009-02-09,-2.2
2009-02-10,-5.5
2009-02-11,-6.4
2009-02-12,-4.1
2009-02-13,-3.5
2009-02-14,-0.4
2009-02-15,1.2
2009-02-16,
2009-02-17,
2009-02-18,-1.1
2009-02-19,-1.6
2009-02-20,-3
2009-02-21,-3
2009-02-22,-1.2
2009-02-23,0.3
2009-02-24,2.2
2009-02-25,1.3
2009-02-26,0
2009-02-27,2.1
2009-02-28,-0.3
2009-03-01,-2.1
2009-03-02,-3.7
2009-03-03,-2.9
2009-03-04,-6.7
2009-03-05,-6.6
2009-03-06,-6.4
2009-03-07,-1.6
2009-03-08,0.6
2009-03-09,-1.5
2009-03-10,2
2009-03-11,2.3
2009-03-12,2.7
2009-03-13,4.5
2009-03-14,4.5
2009-03-15,4.2
2009-03-16,2.4
2009-03-17,-0.4
2009-03-18,2.8
2009-03-19,3.5
2009-03-20,4.5
2009-03-21,2.1
2009-03-22,-1.4
2009-03-23,0.8
2009-03-24,1
2009-03-25,0.3
2009-03-26,2.1
2009-03-27,4
2009-03-28,-6.5
2009-03-29,-7.2
2009-03-30,-7.2
2009-03-31,-6.2
2009-04-01,-5.7
2009-04-02,-2
2009-04-03,0.3
2009-04-04,1.9
2009-04-05,3.3
2009-04-06,-1.5
2009-04-07,-4.5
2009-04-08,-4
2009-04-09,2.3
2009-04-10,-5.2
2009-04-11,-6.5
2009-04-12,-6.4
2009-04-13,-3.1
2009-04-14,-2.9
2009-04-15,-4.1
2009-04-16,-4
2009-04-17,-4
2009-04-18,-2.7
2009-04-19,-2.5
2009-04-20,-0.6
2009-04-21,-0.1
2009-04-22,0.8
2009-04-23,4.5
2009-04-24,2.1
2009-04-25,-2.2
2009-04-26,-3.5
2009-04-27,-3.9
2009-04-28,-1.5
2009-04-29,-1
2009-04-30,0.5
2009-05-01,-2.2
2009-05-02,0.4
2009-05-03,4
2009-05-04,4.5
2009-05-05,5.4
2009-05-06,7.7
2009-05-07,8
2009-05-08,7.9
2009-05-09,4
2009-05-10,3.7
2009-05-11,4
2009-05-12,3.3
2009-05-13,1.9
2009-05-14,-0.7
2009-05-15,-2.4
2009-05-16,2.1
2009-05-17,2.3
2009-05-18,1.8
2009-05-19,3.6
2009-05-20,10.3
2009-05-21,12.2
2009-05-22,7.2
2009-05-23,3.2
2009-05-24,3.6
2009-05-25,2.3
2009-05-26,2
2009-05-27,2
2009-05-28,5.7
2009-05-29,8.7
2009-05-30,10.1
2009-05-31,10
2009-06-01,10.3
2009-06-02,10.6
2009-06-03,9.9
2009-06-04,8.1
2009-06-05,1
2009-06-06,1.1
2009-06-07,1.9
2009-06-08,2.1
2009-06-09,0.3
2009-06-10,5.5
2009-06-11,7.6
2009-06-12,13.1
2009-06-13,12.4
2009-06-14,8.4
2009-06-15,8.3
2009-06-16,10.1
2009-06-17,9.8
2009-06-18,14
2009-06-19,13.3
2009-06-20,10
2009-06-21,10.2
2009-06-22,10.9
2009-06-23,12
2009-06-24,9.4
2009-06-25,5.9
2009-06-26,4.7
2009-06-27,7.2
2009-06-28,8.7
2009-06-29,10.3
2009-06-30,10.7
2009-07-01,12.9
2009-07-02,11.9
2009-07-03,9.6
2009-07-04,8.8
2009-07-05,8.1
2009-07-06,8.2
2009-07-07,6.9
2009-07-08,9.3
2009-07-09,9.6
2009-07-10,11.4
2009-07-11,12.7
2009-07-12,12.3
2009-07-13,11.7
2009-07-14,5.9
2009-07-15,6.9
2009-07-16,9.6
2009-07-17,4.6
2009-07-18,4.7
2009-07-19,11.3
2009-07-20,14.7
2009-07-21,15.6
2009-07-22,13
2009-07-23,9.5
2009-07-24,5.7
2009-07-25,9.5
2009-07-26,15.7
2009-07-27,9.9
2009-07-28,13.2
2009-07-29,12
2009-07-30,9.9
2009-07-31,12.1
2009-08-01,7
2009-08-02,5
2009-08-03,8.3
2009-08-04,13.3
2009-08-05,15.4
2009-08-06,13.2
2009-08-07,12
2009-08-08,9.5
2009-08-09,8.8
2009-08-10,8.8
2009-08-11,9.5
2009-08-12,11.3
2009-08-13,13.4
2009-08-14,13.8
2009-08-15,13.7
2009-08-16,14
2009-08-17,14.1
2009-08-18,15.3
2009-08-19,14.5
2009-08-20,13.6
2009-08-21,13.2
2009-08-22,13.8
2009-08-23,15.7
2009-08-24,11.9
2009-08-25,8.1
2009-08-26,10
2009-08-27,12.7
2009-08-28,14.6
2009-08-29,12.9
2009-08-30,13
2009-08-31,15.2
2009-09-01,12.3
2009-09-02,10.3
2009-09-03,7.3
2009-09-04,8.3
2009-09-05,9.1
2009-09-06,10
2009-09-07,11.8
2009-09-08,11.9
2009-09-09,11.9
2009-09-10,10.4
2009-09-11,10.1
2009-09-12,8
2009-09-13,7.9
2009-09-14,3.9
2009-09-15,-0.3
2009-09-16,0.8
2009-09-17,0.9
2009-09-18,1.8
2009-09-19,3
2009-09-20,4.8
2009-09-21,4.6
2009-09-22,4.7
2009-09-23,7.1
2009-09-24,7.3
2009-09-25,8.5
2009-09-26,8.3
2009-09-27,7.1
2009-09-28,5.8
2009-09-29,5.7
2009-09-30,5.5
2009-10-01,6.1
2009-10-02,5.5
2009-10-03,5.7
2009-10-04,9.1
2009-10-05,11.5
2009-10-06,10.5
2009-10-07,6.7
2009-10-08,5.7
2009-10-09,5.4
2009-10-10,3.8
2009-10-11,6.9
2009-10-12,6.1
2009-10-13,3.7
2009-10-14,6.1
2009-10-15,4.9
2009-10-16,3.2
2009-10-17,5.2
2009-10-18,5.8
2009-10-19,
2009-10-20,
2009-10-21,
2009-10-22,-0.4
2009-10-23,-0.5
2009-10-24,5.7
2009-10-25,7
2009-10-26,6.4
2009-10-27,7.1
2009-10-28,8.3
2009-10-29,9.3
2009-10-30,8.2
2009-10-31,8.7
2009-11-01,8.2
2009-11-02,-1.1
2009-11-03,-0.9
2009-11-04,-1.7
2009-11-05,-2.9
2009-11-06,-2.7
2009-11-07,-3.1
2009-11-08,-3
2009-11-09,-4
2009-11-10,-2.9
2009-11-11,0
2009-11-12,1.6
2009-11-13,2.9
2009-11-14,3.1
2009-11-15,3.9
2009-11-16,3.5
2009-11-17,4.3
2009-11-18,3.8
2009-11-19,4.5
2009-11-20,3.5
2009-11-21,3.4
2009-11-22,-2.2
2009-11-23,-1.7
2009-11-24,4.4
2009-11-25,2.1
2009-11-26,-2.9
2009-11-27,-3.6
2009-11-28,-3.4
2009-11-29,-6.2
2009-11-30,-6.7
2009-12-01,-6.3
2009-12-02,-0.4
2009-12-03,-3.3
2009-12-04,-4
2009-12-05,-3.9
2009-12-06,3.1
2009-12-07,-0.6
2009-12-08,-1
2009-12-09,-1.4
2009-12-10,2.9
2009-12-11,4.4
2009-12-12,0.5
2009-12-13,-9.1
2009-12-14,-11.3
2009-12-15,-11.1
2009-12-16,-4.1
2009-12-17,-6
2009-12-18,-11.3
2009-12-19,-13.4
2009-12-20,-13.4
2009-12-21,-9.8
2009-12-22,-4.4
2009-12-23,-3.6
2009-12-24,-3.6
2009-12-25,-7.7
2009-12-26,-5.9
2009-12-27,-5.6
2009-12-28,-0.4
2009-12-29,3.1
2009-12-30,-1.6
2009-12-31,-6.8
2010-01-01,-6.5
2010-01-02,-5.1
2010-01-03,-2.8
2010-01-04,-1.4
2010-01-05,-4.2
2010-01-06,-7.9
2010-01-07,-11.4
2010-01-08,-12.2
2010-01-09,-13.8
2010-01-10,-14.8
2010-01-11,-5.8
2010-01-12,-4.2
2010-01-13,-4.6
2010-01-14,-4.1
2010-01-15,-6.2
2010-01-16,0.9
2010-01-17,-0.2
2010-01-18,0.4
2010-01-19,-1.7
2010-01-20,-3.3
2010-01-21,-4.3
2010-01-22,-1.5
2010-01-23,-2.3
2010-01-24,-3.5
2010-01-25,-8.9
2010-01-26,-8.9
2010-01-27,-11.2
2010-01-28,-6.9
2010-01-29,-5.3
2010-01-30,-5.9
2010-01-31,-5.2
2010-02-01,-8.6
2010-02-02,-6.9
2010-02-03,0.3
2010-02-04,-0.9
2010-02-05,-4.1
2010-02-06,-3.7
2010-02-07,-1.8
2010-02-08,-2.6
2010-02-09,-8.4
2010-02-10,-10
2010-02-11,-12.4
2010-02-12,-13.8
2010-02-13,-12.7
2010-02-14,-11.8
2010-02-15,-9.4
2010-02-16,-6.1
2010-02-17,-4.3
2010-02-18,-8.9
2010-02-19,-6.8
2010-02-20,-7.7
2010-02-21,-5.3
2010-02-22,-1.9
2010-02-23,-2.2
2010-02-24,-3.4
2010-02-25,-2.2
2010-02-26,-4.3
2010-02-27,-1.2
2010-02-28,-4.8
2010-03-01,-5.3
2010-03-02,-2.8
2010-03-03,-2.5
2010-03-04,-1.5
2010-03-05,-4.6
2010-03-06,-5.4
2010-03-07,-5.9
2010-03-08,-13.1
2010-03-09,-13.2
2010-03-10,-11.3
2010-03-11,-10.3
2010-03-12,-9.5
2010-03-13,-10.1
2010-03-14,-6.9
2010-03-15,-5
2010-03-16,-1.6
2010-03-17,-0.8
2010-03-18,1.6
2010-03-19,2.8
2010-03-20,3
2010-03-21,1
2010-03-22,0.7
2010-03-23,2.9
2010-03-24,0.3
2010-03-25,-4.1
2010-03-26,-5.5
2010-03-27,-4.2
2010-03-28,0.3
2010-03-29,-4
2010-03-30,-5.2
2010-03-31,-5.4
2010-04-01,-6
2010-04-02,-5.3
2010-04-03,-4.2
2010-04-04,-5.4
2010-04-05,-2.8
2010-04-06,-1.4
2010-04-07,-1.9
2010-04-08,-1.7
2010-04-09,-1
2010-04-10,-0.3
2010-04-11,1.4
2010-04-12,-2.3
2010-04-13,-3.9
2010-04-14,-2
2010-04-15,-0.5
2010-04-16,1
2010-04-17,-0.3
2010-04-18,0.8
2010-04-19,0.6
2010-04-20,2.3
2010-04-21,4
2010-04-22,2.7
2010-04-23,2
2010-04-24,3
2010-04-25,5
2010-04-26,6.3
2010-04-27,7
2010-04-28,10
2010-04-29,7.2
2010-04-30,4.6
2010-05-01,3.1
2010-05-02,1.6
2010-05-03,-6.1
2010-05-04,-6.6
2010-05-05,-6.8
2010-05-06,-5.2
2010-05-07,-0.7
2010-05-08,-2.2
2010-05-09,0.4
2010-05-10,-0.4
2010-05-11,-1.5
2010-05-12,-1.6
2010-05-13,-4
2010-05-14,-6.2
2010-05-15,-4.1
2010-05-16,-1.8
2010-05-17,2
2010-05-18,4.6
2010-05-19,6.5
2010-05-20,6.5
2010-05-21,6.6
2010-05-22,7
2010-05-23,8.3
2010-05-24,6
2010-05-25,5
2010-05-26,3.6
2010-05-27,3.8
2010-05-28,3.2
2010-05-29,3.4
2010-05-30,6.3
2010-05-31,10.3
2010-06-01,12
2010-06-02,10.8
2010-06-03,10.8
2010-06-04,10.5
2010-06-05,12.5
2010-06-06,10.4
2010-06-07,8.3
2010-06-08,4.9
2010-06-09,2
2010-06-10,1
2010-06-11,1.2
2010-06-12,2.2
2010-06-13,4
2010-06-14,2.5
2010-06-15,-0.6
2010-06-16,-0.3
2010-06-17,1.2
2010-06-18,5.8
2010-06-19,4.6
2010-06-20,2.7
2010-06-21,3.2
2010-06-22,7.6
2010-06-23,9.5
2010-06-24,12
2010-06-25,7.7
2010-06-26,7.6
2010-06-27,8.7
2010-06-28,9.3
2010-06-29,10.9
2010-06-30,10.4
2010-07-01,13.2
2010-07-02,13.4
2010-07-03,
2010-07-04,
2010-07-05,
2010-07-06,
2010-07-07,17.4
2010-07-08,17.7
2010-07-09,12
2010-07-10,15.1
2010-07-11,15.1
2010-07-12,12.8
2010-07-13,12.3
2010-07-14,8.6
2010-07-15,7.3
2010-07-16,10.5
2010-07-17,10.8
2010-07-18,14.4
2010-07-19,15
2010-07-20,12.2
2010-07-21,10.3
2010-07-22,10.5
2010-07-23,9.3
2010-07-24,9.9
2010-07-25,11.2
2010-07-26,9.7
2010-07-27,12.1
2010-07-28,15.3
2010-07-29,13
2010-07-30,12.6
2010-07-31,14.4
2010-08-01,15.2
2010-08-02,9.9
2010-08-03,8.8
2010-08-04,10.9
2010-08-05,10.1
2010-08-06,9.8
2010-08-07,13.2
2010-08-08,10.7
2010-08-09,13.2
2010-08-10,14.1
2010-08-11,11.5
2010-08-12,10.1
2010-08-13,5.9
2010-08-14,3.4
2010-08-15,8
2010-08-16,6.9
2010-08-17,9.4
2010-08-18,9.6
2010-08-19,9.5
2010-08-20,11.8
2010-08-21,14.3
2010-08-22,14
2010-08-23,10.8
2010-08-24,8.7
2010-08-25,13
2010-08-26,17
2010-08-27,10.3
2010-08-28,11.6
2010-08-29,12.8
2010-08-30,12
2010-08-31,11.6
2010-09-01,8.1
2010-09-02,7.1
2010-09-03,10.6
2010-09-04,11.7
2010-09-05,13.1
2010-09-06,9.1
2010-09-07,4.5
2010-09-08,2.2
2010-09-09,4.2
2010-09-10,8.3
2010-09-11,10.7
2010-09-12,11.3
2010-09-13,10.9
2010-09-14,12
2010-09-15,12.5
2010-09-16,8.3
2010-09-17,6.2
2010-09-18,5.2
2010-09-19,6.8
2010-09-20,6.8
2010-09-21,7.1
2010-09-22,8.4
2010-09-23,5.7
2010-09-24,4.7
2010-09-25,1.3
2010-09-26,0.5
2010-09-27,2.3
2010-09-28,4.2
2010-09-29,6.3
2010-09-30,6.5
2010-10-01,4.7
2010-10-02,8.3
2010-10-03,3.3
2010-10-04,1.8
2010-10-05,1.5
2010-10-06,5.7
2010-10-07,6.8
2010-10-08,6.1
2010-10-09,2.1
2010-10-10,1.1
2010-10-11,1.3
2010-10-12,2
2010-10-13,1.6
2010-10-14,1.2
2010-10-15,0.7
2010-10-16,-0.6
2010-10-17,-3.6
2010-10-18,-1.1
2010-10-19,1.1
2010-10-20,4.8
2010-10-21,5
2010-10-22,3.1
2010-10-23,1.5
2010-10-24,1.4
2010-10-25,-3.6
2010-10-26,-3
2010-10-27,5.5
2010-10-28,7.4
2010-10-29,-1.3
2010-10-30,-1.6
2010-10-31,
2010-11-01,
2010-11-02,2.1
2010-11-03,3.6
2010-11-04,5.5
2010-11-05,5.1
2010-11-06,3.5
2010-11-07,-3
2010-11-08,-4.4
2010-11-09,-3.1
2010-11-10,-4.1
2010-11-11,-3.2
2010-11-12,0.7
2010-11-13,2.1
2010-11-14,-4
2010-11-15,-5.9
2010-11-16,-5.2
2010-11-17,-3.9
2010-11-18,-4.2
2010-11-19,-4.2
2010-11-20,-4
2010-11-21,-3.9
2010-11-22,-4.2
2010-11-23,-4.6
2010-11-24,-5.3
2010-11-25,-6.4
2010-11-26,-8.7
2010-11-27,-7.7
2010-11-28,-10
2010-11-29,-9.4
2010-11-30,-5.8
2010-12-01,-8.8
2010-12-02,
2010-12-03,
2010-12-04,
2010-12-05,
2010-12-06,
2010-12-07,
2010-12-08,
2010-12-09,4
2010-12-10,4.4
2010-12-11,7.4
2010-12-12,1.9
2010-12-13,0.8
2010-12-14,-4.6
2010-12-15,-13
2010-12-16,-13.8
2010-12-17,-6.5
2010-12-18,-5.3
2010-12-19,-4.3
2010-12-20,-5.5
2010-12-21,-2.7
2010-12-22,-1.8
2010-12-23,-7.8
2010-12-24,-10.3
2010-12-25,-11.4
2010-12-26,-10.3
2010-12-27,-1.6
2010-12-28,-1.6
2010-12-29,3.3
2010-12-30,-1.9
2010-12-31,-1.8
2011-01-01,-2.2
2011-01-02,-4
2011-01-03,-5.4
2011-01-04,-2.6
2011-01-05,0.8
2011-01-06,0.7
2011-01-07,-0.3
2011-01-08,-1.5
2011-01-09,-3.1
2011-01-10,-4.2
2011-01-11,-0.9
2011-01-12,-0.7
2011-01-13,2.2
2011-01-14,1.5
2011-01-15,0.9
2011-01-16,0.9
2011-01-17,-0.2
2011-01-18,-0.5
2011-01-19,-2.1
2011-01-20,-5.3
2011-01-21,-9.3
2011-01-22,-11.7
2011-01-23,-11.4
2011-01-24,-8.9
2011-01-25,-6.9
2011-01-26,-7.1
2011-01-27,-7.8
2011-01-28,-5.3
2011-01-29,-6.6
2011-01-30,-7.9
2011-01-31,-9.8
2011-02-01,-10.3
2011-02-02,-10.9
2011-02-03,
2011-02-04,0.8
2011-02-05,1.7
2011-02-06,3.2
2011-02-07,1
2011-02-08,-0.6
2011-02-09,-0.1
2011-02-10,-0.2
2011-02-11,-1.7
2011-02-12,-2.8
2011-02-13,-5.2
2011-02-14,-7.3
2011-02-15,-5.8
2011-02-16,-7.7
2011-02-17,-7.6
2011-02-18,-6.7
2011-02-19,-1.1
2011-02-20,-3
2011-02-21,-4
2011-02-22,-0.7
2011-02-23,-1
2011-02-24,1
2011-02-25,0.2
2011-02-26,1.3
2011-02-27,-5.7
2011-02-28,-7.6
2011-03-01,-8.9
2011-03-02,-8.2
2011-03-03,-8.8
2011-03-04,-8.9
2011-03-05,-5.3
2011-03-06,-5.2
2011-03-07,-2.1
2011-03-08,-2.7
2011-03-09,-2.7
2011-03-10,-0.4
2011-03-11,-2.9
2011-03-12,-3.3
2011-03-13,-2.1
2011-03-14,-1.7
2011-03-15,-4
2011-03-16,-5.3
2011-03-17,-1.7
2011-03-18,-0.2
2011-03-19,0.6
2011-03-20,0.9
2011-03-21,-1.5
2011-03-22,-5
2011-03-23,-5.4
2011-03-24,-1.8
2011-03-25,-0.8
2011-03-26,-2.8
2011-03-27,-4
2011-03-28,-3.3
2011-03-29,-1.1
2011-03-30,-0.4
2011-03-31,-0.2
2011-04-01,4.9
2011-04-02,5.7
2011-04-03,2
2011-04-04,2.1
2011-04-05,5.2
2011-04-06,7.7
2011-04-07,8.4
2011-04-08,10.3
2011-04-09,5.8
2011-04-10,2
2011-04-11,-1.4
2011-04-12,4.4
2011-04-13,4.6
2011-04-14,6.1
2011-04-15,3.3
2011-04-16,0.2
2011-04-17,0.4
2011-04-18,0.5
2011-04-19,2.2
2011-04-20,0.8
2011-04-21,-1.1
2011-04-22,-1.1
2011-04-23,-1.2
2011-04-24,0.8
2011-04-25,0.4
2011-04-26,-0.3
2011-04-27,2
2011-04-28,3.9
2011-04-29,1.1
2011-04-30,0.9
2011-05-01,1.6
2011-05-02,1.9
2011-05-03,3.2
2011-05-04,2.1
2011-05-05,2.2
2011-05-06,4.5
2011-05-07,1.2
2011-05-08,-0.1
2011-05-09,4.7
2011-05-10,7.7
2011-05-11,7.9
2011-05-12,5.9
2011-05-13,5.6
2011-05-14,0
2011-05-15,-0
2011-05-16,2.5
2011-05-17,5.8
2011-05-18,5
2011-05-19,2.1
2011-05-20,3.4
2011-05-21,5.4
2011-05-22,5.2
2011-05-23,7.4
2011-05-24,8.4
2011-05-25,10
2011-05-26,7.9
2011-05-27,5.7
2011-05-28,5.5
2011-05-29,7.5
2011-05-30,5.1
2011-05-31,4.1
2011-06-01,-1
2011-06-02,-0.4
2011-06-03,2
2011-06-04,3.8
2011-06-05,4.5
2011-06-06,3.9
2011-06-07,3
2011-06-08,2.9
2011-06-09,3.2
2011-06-10,2
2011-06-11,4.3
2011-06-12,8.7
2011-06-13,7.2
2011-06-14,7.7
2011-06-15,9.1
2011-06-16,7.1
2011-06-17,6.7
2011-06-18,5.1
2011-06-19,6.6
2011-06-20,12.1
2011-06-21,12.8
2011-06-22,7.8
2011-06-23,6.3
2011-06-24,9.2
2011-06-25,13
2011-06-26,15.6
2011-06-27,16.7
2011-06-28,13.1
2011-06-29,11
2011-06-30,9.8
2011-07-01,12
2011-07-02,12.9
2011-07-03,8.8
2011-07-04,6.2
2011-07-05,10.1
2011-07-06,7.9
2011-07-07,4.2
2011-07-08,3.5
2011-07-09,7.5
2011-07-10,9.8
2011-07-11,12.9
2011-07-12,5.6
2011-07-13,2.3
2011-07-14,4.5
2011-07-15,6.9
2011-07-16,10.8
2011-07-17,6.8
2011-07-18,5.4
2011-07-19,1
2011-07-20,6.5
2011-07-21,1
2011-07-22,8.3
2011-07-23,8.1
2011-07-24,7
2011-07-25,7.9
2011-07-26,10.7
2011-07-27,10.3
2011-07-28,10.5
2011-07-29,11.2
2011-07-30,12.7
2011-07-31,11
2011-08-01,12.4
2011-08-02,8
2011-08-03,7.3
2011-08-04,10.8
2011-08-05,10.2
2011-08-06,9.4
2011-08-07,9.4
2011-08-08,5.9
2011-08-09,9.4
2011-08-10,11.2
2011-08-11,14.8
2011-08-12,9
2011-08-13,9.2
2011-08-14,12.2
2011-08-15,11.9
2011-08-16,14.5
2011-08-17,15.8
2011-08-18,14.6
2011-08-19,11.7
2011-08-20,14.2
2011-08-21,9.8
2011-08-22,8.4
2011-08-23,10.5
2011-08-24,8.4
2011-08-25,9.4
2011-08-26,5.1
2011-08-27,4.1
2011-08-28,9.5
2011-08-29,10.9
2011-08-30,11.6
2011-08-31,8.3
2011-09-01,7.8
2011-09-02,7
2011-09-03,5.9
2011-09-04,5.2
2011-09-05,3.1
2011-09-06,8.9
2011-09-07,10.7
2011-09-08,12.4
2011-09-09,13
2011-09-10,10.6
2011-09-11,7.8
2011-09-12,8.1
2011-09-13,12.8
2011-09-14,13.1
2011-09-15,11.9
2011-09-16,11.3
2011-09-17,9.5
2011-09-18,3.3
2011-09-19,2.1
2011-09-20,9.2
2011-09-21,10.3
2011-09-22,10.2
2011-09-23,8
2011-09-24,6.4
2011-09-25,7
2011-09-26,8.8
2011-09-27,9.4
2011-09-28,8.4
2011-09-29,8.2
2011-09-30,6.8
2011-10-01,7.3
2011-10-02,5.7
2011-10-03,8.3
2011-10-04,9.8
2011-10-05,9.4
2011-10-06,10.6
2011-10-07,1.8
2011-10-08,-0.5
2011-10-09,5.7
2011-10-10,9
2011-10-11,10.7
2011-10-12,11.5
2011-10-13,11.2
2011-10-14,9.7
2011-10-15,8.2
2011-10-16,8.2
2011-10-17,6.5
2011-10-18,6.5
2011-10-19,4.3
2011-10-20,1
2011-10-21,2.8
2011-10-22,3.2
2011-10-23,3.2
2011-10-24,-1.9
2011-10-25,-3.2
2011-10-26,-1.4
2011-10-27,1
2011-10-28,0.4
2011-10-29,2
2011-10-30,4.7
2011-10-31,4.7
2011-11-01,4.8
2011-11-02,3.3
2011-11-03,-0.8
2011-11-04,-2.3
2011-11-05,-2.6
2011-11-06,-3.4
2011-11-07,-1.3
2011-11-08,0.9
2011-11-09,2.7
2011-11-10,3.4
2011-11-11,3.5
2011-11-12,3.8
2011-11-13,2.2
2011-11-14,-1.5
2011-11-15,-1.6
2011-11-16,-1.7
2011-11-17,-1.6
2011-11-18,-0.3
2011-11-19,0.5
2011-11-20,0.5
2011-11-21,0.1
2011-11-22,-2.1
2011-11-23,0.6
2011-11-24,-1.3
2011-11-25,-0.2
2011-11-26,1.4
2011-11-27,2.6
2011-11-28,-0.5
2011-11-29,0.9
2011-11-30,0.8
2011-12-01,0.5
2011-12-02,-5.6
2011-12-03,-5.3
2011-12-04,-5.1
2011-12-05,-0.5
2011-12-06,-1.6
2011-12-07,1
2011-12-08,2
2011-12-09,-2.9
2011-12-10,-2.5
2011-12-11,-3.2
2011-12-12,-2.8
2011-12-13,-3.5
2011-12-14,-3.8
2011-12-15,-4.1
2011-12-16,-5.4
2011-12-17,-7
2011-12-18,-7.2
2011-12-19,-7.9
2011-12-20,-6.5
2011-12-21,-0.2
2011-12-22,2.6
2011-12-23,
2011-12-24,
2011-12-25,
2011-12-26,
2011-12-27,-0.1
2011-12-28,-3.7
2011-12-29,-6.7
2011-12-30,-6.9
2011-12-31,0.2
2012-01-01,-0.9
2012-01-02,-4
2012-01-03,-4.3
2012-01-04,-5.9
2012-01-05,1.9
2012-01-06,-1.5
2012-01-07,-3.6
2012-01-08,2
2012-01-09,1.8
2012-01-10,0.6
2012-01-11,0.5
2012-01-12,-1.6
2012-01-13,-1.1
2012-01-14,-4.9
2012-01-15,-5.3
2012-01-16,-6.5
2012-01-17,-6.5
2012-01-18,-3.7
2012-01-19,-0.4
2012-01-20,-2.2
2012-01-21,-3.2
2012-01-22,-0.4
2012-01-23,-4
2012-01-24,0.6
2012-01-25,-1.2
2012-01-26,-3.2
2012-01-27,-5
2012-01-28,-6.2
2012-01-29,-7.7
2012-01-30,-7
2012-01-31,-4.3
2012-02-01,-6.5
2012-02-02,-14
2012-02-03,-14.7
2012-02-04,-14.4
2012-02-05,-10
2012-02-06,-7
2012-02-07,-12.6
2012-02-08,-13.1
2012-02-09,-12.6
2012-02-10,-10.2
2012-02-11,-15.1
2012-02-12,-16.2
2012-02-13,-15.7
2012-02-14,-9.1
2012-02-15,-9.1
2012-02-16,-7.7
2012-02-17,-6.5
2012-02-18,-5.3
2012-02-19,-4.7
2012-02-20,-7.5
2012-02-21,-4.4
2012-02-22,-3.2
2012-02-23,-0.5
2012-02-24,-0.3
2012-02-25,0.7
2012-02-26,0.7
2012-02-27,0.8
2012-02-28,1
2012-02-29,0.9
2012-03-01,0.2
2012-03-02,-1.8
2012-03-03,-2.6
2012-03-04,-2.6
2012-03-05,-5.2
2012-03-06,-6
2012-03-07,-6.3
2012-03-08,-2.3
2012-03-09,-0.4
2012-03-10,-1.4
2012-03-11,2.1
2012-03-12,1.8
2012-03-13,2.8
2012-03-14,4.3
2012-03-15,5.2
2012-03-16,0
2012-03-17,-4
2012-03-18,-5.9
2012-03-19,-7.1
2012-03-20,-7.9
2012-03-21,-6.7
2012-03-22,-5.3
2012-03-23,-1
2012-03-24,0.1
2012-03-25,3.1
2012-03-26,1
2012-03-27,0.4
2012-03-28,0.4
2012-03-29,0.9
2012-03-30,1.8
2012-03-31,3.2
2012-04-01,3.2
2012-04-02,0.8
2012-04-03,-0.5
2012-04-04,-1.6
2012-04-05,-2.8
2012-04-06,-5.4
2012-04-07,-5.4
2012-04-08,-3.8
2012-04-09,-0.5
2012-04-10,-3.4
2012-04-11,-4.6
2012-04-12,-2.8
2012-04-13,-5.2
2012-04-14,-4.8
2012-04-15,-6.9
2012-04-16,-7.3
2012-04-17,-6.5
2012-04-18,-5.6
2012-04-19,-3
2012-04-20,-2.5
2012-04-21,-0.5
2012-04-22,-2.3
2012-04-23,-3.4
2012-04-24,-5.7
2012-04-25,1.1
2012-04-26,0.8
2012-04-27,-0.3
2012-04-28,-3.5
2012-04-29,-4.1
2012-04-30,-3.6
2012-05-01,-4
2012-05-02,-1.7
2012-05-03,0.3
2012-05-04,-1.6
2012-05-05,-1.6
2012-05-06,-1.6
2012-05-07,0.3
2012-05-08,5.1
2012-05-09,5.6
2012-05-10,9.4
2012-05-11,11.9
2012-05-12,10.3
2012-05-13,10.5
2012-05-14,8.1
2012-05-15,5.2
2012-05-16,7.6
2012-05-17,8.7
2012-05-18,4.2
2012-05-19,-1.6
2012-05-20,-2.6
2012-05-21,-3.3
2012-05-22,0.6
2012-05-23,5.4
2012-05-24,9.4
2012-05-25,7.2
2012-05-26,3.2
2012-05-27,1.7
2012-05-28,5.7
2012-05-29,6.8
2012-05-30,8.9
2012-05-31,11.9
2012-06-01,11.5
2012-06-02,8.3
2012-06-03,5.8
2012-06-04,5.4
2012-06-05,8.2
2012-06-06,7.9
2012-06-07,5.3
2012-06-08,2.1
2012-06-09,2.9
2012-06-10,6.6
2012-06-11,1.7
2012-06-12,0.4
2012-06-13,2.5
2012-06-14,8.2
2012-06-15,6.5
2012-06-16,7.9
2012-06-17,8.2
2012-06-18,
2012-06-19,
2012-06-20,10.6
2012-06-21,7.1
2012-06-22,7
2012-06-23,10.9
2012-06-24,13.2
2012-06-25,14.4
2012-06-26,15.5
2012-06-27,16.6
2012-06-28,13.2
2012-06-29,7.5
2012-06-30,3.3
2012-07-01,2.1
2012-07-02,5
2012-07-03,10.3
2012-07-04,8.2
2012-07-05,5.7
2012-07-06,3.9
2012-07-07,6.5
2012-07-08,5.7
2012-07-09,10.3
2012-07-10,8.3
2012-07-11,7
2012-07-12,8.1
2012-07-13,9.4
2012-07-14,6.9
2012-07-15,5.8
2012-07-16,8.8
2012-07-17,12.3
2012-07-18,13.2
2012-07-19,15.1
2012-07-20,11.2
2012-07-21,10.7
2012-07-22,10.7
2012-07-23,13
2012-07-24,10.8
2012-07-25,10.6
2012-07-26,8.3
2012-07-27,8.4
2012-07-28,8.7
2012-07-29,9.6
2012-07-30,13.2
2012-07-31,13.3
2012-08-01,11.5
2012-08-02,10.6
2012-08-03,10.6
2012-08-04,9.5
2012-08-05,5.5
2012-08-06,3.4
2012-08-07,8.2
2012-08-08,11.3
2012-08-09,17.1
2012-08-10,14.5
2012-08-11,10.6
2012-08-12,7.6
2012-08-13,7.3
2012-08-14,10.6
2012-08-15,5.8
2012-08-16,8.6
2012-08-17,15.7
2012-08-18,18.1
2012-08-19,16.7
2012-08-20,16.8
2012-08-21,16.6
2012-08-22,15.6
2012-08-23,11.8
2012-08-24,10
2012-08-25,8.2
2012-08-26,8
2012-08-27,11.9
2012-08-28,10.8
2012-08-29,10.6
2012-08-30,5.2
2012-08-31,5
2012-09-01,4.6
2012-09-02,3.4
2012-09-03,4.5
2012-09-04,5.8
2012-09-05,7.2
2012-09-06,9.5
2012-09-07,9.8
2012-09-08,9.8
2012-09-09,10.2
2012-09-10,9.1
2012-09-11,7.7
2012-09-12,8.3
2012-09-13,5.4
2012-09-14,7.5
2012-09-15,13.1
2012-09-16,13.3
2012-09-17,11.9
2012-09-18,9.4
2012-09-19,10.4
2012-09-20,8.3
2012-09-21,9.5
2012-09-22,10
2012-09-23,5.2
2012-09-24,3.2
2012-09-25,2.1
2012-09-26,-0.4
2012-09-27,0.7
2012-09-28,5.3
2012-09-29,0.9
2012-09-30,-0.8
2012-10-01,1.8
2012-10-02,5.6
2012-10-03,6.1
2012-10-04,6.7
2012-10-05,7.2
2012-10-06,7.8
2012-10-07,6.9
2012-10-08,9.5
2012-10-09,9.2
2012-10-10,7.9
2012-10-11,5.5
2012-10-12,3.4
2012-10-13,0.7
2012-10-14,-1.6
2012-10-15,-3.2
2012-10-16,0.9
2012-10-17,4.7
2012-10-18,3.9
2012-10-19,1
2012-10-20,0.8
2012-10-21,0.9
2012-10-22,1.5
2012-10-23,5.8
2012-10-24,4.5
2012-10-25,3.4
2012-10-26,2.7
2012-10-27,-5.5
2012-10-28,-7.8
2012-10-29,-1.9
2012-10-30,-3.1
2012-10-31,-2.8
2012-11-01,-1.6
2012-11-02,0
2012-11-03,2
2012-11-04,-4.6
2012-11-05,-5.2
2012-11-06,-4.5
2012-11-07,-4.2
2012-11-08,2.3
2012-11-09,0.3
2012-11-10,-4
2012-11-11,-5.3
2012-11-12,-5.8
2012-11-13,-1
2012-11-14,4.4
2012-11-15,3.3
2012-11-16,2
2012-11-17,0.4
2012-11-18,-0.4
2012-11-19,-0.3
2012-11-20,1
2012-11-21,-3.4
2012-11-22,-4.1
2012-11-23,-0.4
2012-11-24,-0.9
2012-11-25,1.2
2012-11-26,-5.3
2012-11-27,-6.8
2012-11-28,-8.3
2012-11-29,-7.1
2012-11-30,-8.9
2012-12-01,-10.7
2012-12-02,-10.1
2012-12-03,-4.4
2012-12-04,-5.3
2012-12-05,-6.5
2012-12-06,-6.7
2012-12-07,-1.6
2012-12-08,-5.7
2012-12-09,-4.4
2012-12-10,-1.6
2012-12-11,-1.6
2012-12-12,-2.7
2012-12-13,-2.3
2012-12-14,0
2012-12-15,-0.5
2012-12-16,-0.7
2012-12-17,-2.5
2012-12-18,-0.2
2012-12-19,-1.3
2012-12-20,-1.5
2012-12-21,-0.4
2012-12-22,0.5
2012-12-23,7.3
2012-12-24,2.3
2012-12-25,-3.8
2012-12-26,-5.2
2012-12-27,-2.9
2012-12-28,-0.3
2012-12-29,-4.1
2012-12-30,-5
2012-12-31,-5.6
2013-01-01,-3.1
2013-01-02,-4.9
2013-01-03,-4.4
2013-01-04,0.4
2013-01-05,2.7
2013-01-06,4.8
2013-01-07,3.9
2013-01-08,-1.9
2013-01-09,-4.6
2013-01-10,-1
2013-01-11,-2.3
2013-01-12,-6.1
2013-01-13,-7.9
2013-01-14,-6.6
2013-01-15,-6.5
2013-01-16,-4.3
2013-01-17,-2.8
2013-01-18,0.7
2013-01-19,-5.6
2013-01-20,-7.1
2013-01-21,-7.6
2013-01-22,-9.1
2013-01-23,-9
2013-01-24,-5.4
2013-01-25,-6.2
2013-01-26,-2.3
2013-01-27,-5.3
2013-01-28,-7.8
2013-01-29,-2.8
2013-01-30,1.9
2013-01-31,1.7
2013-02-01,-2.8
2013-02-02,-7.2
2013-02-03,-7.8
2013-02-04,-4.4
2013-02-05,-5.8
2013-02-06,-8.2
2013-02-07,-9.3
2013-02-08,-8.1
2013-02-09,-7.6
2013-02-10,-7.7
2013-02-11,-9
2013-02-12,-8.9
2013-02-13,-4.2
2013-02-14,-2.8
2013-02-15,-1
2013-02-16,-1.7
2013-02-17,-2.8
2013-02-18,-2.4
2013-02-19,-1.7
2013-02-20,-1.7
2013-02-21,-3.7
2013-02-22,-4.9
2013-02-23,-12
2013-02-24,-11.9
2013-02-25,-10.6
2013-02-26,-11
2013-02-27,-8
2013-02-28,-9.4
2013-03-01,-8.4
2013-03-02,-7.8
2013-03-03,-4.4
2013-03-04,-4
2013-03-05,-1.7
2013-03-06,-0.1
2013-03-07,-1.5
2013-03-08,-1.8
2013-03-09,-3.2
2013-03-10,-4.1
2013-03-11,-5.3
2013-03-12,-6.9
2013-03-13,-9.9
2013-03-14,-10.3
2013-03-15,-7.8
2013-03-16,-4.2
2013-03-17,-5.4
2013-03-18,-7.9
2013-03-19,-5.4
2013-03-20,-5.3
2013-03-21,-2.7
2013-03-22,-2.3
2013-03-23,-3
2013-03-24,-3.6
2013-03-25,-4.4
2013-03-26,-0.4
2013-03-27,-0.4
2013-03-28,-1.5
2013-03-29,-0.2
2013-03-30,-2.7
2013-03-31,-1.8
2013-04-01,-3.8
2013-04-02,-4.6
2013-04-03,-3.9
2013-04-04,-2.9
2013-04-05,-8.3
2013-04-06,-9.3
2013-04-07,-6.5
2013-04-08,-5.3
2013-04-09,-1.7
2013-04-10,-1.6
2013-04-11,-2.3
2013-04-12,-3.4
2013-04-13,-0.8
2013-04-14,4.2
2013-04-15,5.8
2013-04-16,4.5
2013-04-17,8
2013-04-18,5.7
2013-04-19,-1.6
2013-04-20,-1.7
2013-04-21,-0.4
2013-04-22,-1.7
2013-04-23,-2.9
2013-04-24,-0.2
2013-04-25,0.5
2013-04-26,1.9
2013-04-27,-7
2013-04-28,-8.5
2013-04-29,-5.4
2013-04-30,-4
2013-05-01,-4
2013-05-02,-2
2013-05-03,-1.6
2013-05-04,-0.4
2013-05-05,1.4
2013-05-06,3.4
2013-05-07,2.7
2013-05-08,5.3
2013-05-09,4.4
2013-05-10,3.2
2013-05-11,1.6
2013-05-12,1.5
2013-05-13,3.6
2013-05-14,2.2
2013-05-15,-2.8
2013-05-16,-4.1
2013-05-17,-4.3
2013-05-18,-4.5
2013-05-19,-4.1
2013-05-20,-5.1
2013-05-21,-2.6
2013-05-22,-1.8
2013-05-23,1.3
2013-05-24,1.9
2013-05-25,2.2
2013-05-26,1.4
2013-05-27,0.5
2013-05-28,-2.8
2013-05-29,-4.7
2013-05-30,-4
2013-05-31,-1.7
2013-06-01,-3.1
2013-06-02,1.1
2013-06-03,2
2013-06-04,5.2
2013-06-05,5.4
2013-06-06,4.7
2013-06-07,-0.8
2013-06-08,-0.7
2013-06-09,1.4
2013-06-10,3.4
2013-06-11,4.7
2013-06-12,7.8
2013-06-13,11.7
2013-06-14,11.2
2013-06-15,9.4
2013-06-16,12.3
2013-06-17,1.1
2013-06-18,-0.3
2013-06-19,0.7
2013-06-20,2
2013-06-21,4.6
2013-06-22,5
2013-06-23,6.3
2013-06-24,6.9
2013-06-25,7.6
2013-06-26,8.3
2013-06-27,7.2
2013-06-28,7.5
2013-06-29,7.2
2013-06-30,10.3
2013-07-01,9.8
2013-07-02,9.8
2013-07-03,10.6
2013-07-04,11.8
2013-07-05,13.4
2013-07-06,12.4
2013-07-07,13.2
2013-07-08,13.1
2013-07-09,13.5
2013-07-10,13.7
2013-07-11,9.9
2013-07-12,11.3
2013-07-13,8.7
2013-07-14,10.3
2013-07-15,9.5
2013-07-16,11
2013-07-17,6.9
2013-07-18,9.2
2013-07-19,11.9
2013-07-20,11.4
2013-07-21,9.9
2013-07-22,10.2
2013-07-23,12.3
2013-07-24,10.7
2013-07-25,13.2
2013-07-26,13
2013-07-27,6.5
2013-07-28,4.4
2013-07-29,4.2
2013-07-30,9.5
2013-07-31,13.6
2013-08-01,12.4
2013-08-02,10.3
2013-08-03,8.3
2013-08-04,10.1
2013-08-05,12.7
2013-08-06,9.7
2013-08-07,6.1
2013-08-08,4.5
2013-08-09,8.2
2013-08-10,12.4
2013-08-11,14.2
2013-08-12,12.3
2013-08-13,11.5
2013-08-14,11.4
2013-08-15,13.8
2013-08-16,13.3
2013-08-17,11.6
2013-08-18,11.9
2013-08-19,13.9
2013-08-20,14.4
2013-08-21,15
2013-08-22,13.7
2013-08-23,12.4
2013-08-24,10.9
2013-08-25,9.4
2013-08-26,8.2
2013-08-27,8.1
2013-08-28,6.9
2013-08-29,5.1
2013-08-30,5.7
2013-08-31,7.7
2013-09-01,9.2
2013-09-02,10.2
2013-09-03,11.1
2013-09-04,11.3
2013-09-05,6.5
2013-09-06,7.1
2013-09-07,6.8
2013-09-08,6
2013-09-09,6
2013-09-10,8.4
2013-09-11,4.7
2013-09-12,5.7
2013-09-13,8.2
2013-09-14,8.9
2013-09-15,8.6
2013-09-16,7.2
2013-09-17,8.2
2013-09-18,7.4
2013-09-19,8.1
2013-09-20,7.7
2013-09-21,9.4
2013-09-22,9.6
2013-09-23,10.6
2013-09-24,10.8
2013-09-25,11.2
2013-09-26,9.9
2013-09-27,7.1
2013-09-28,4.8
2013-09-29,4.5
2013-09-30,5.6
2013-10-01,8.7
2013-10-02,9.4
2013-10-03,8.1
2013-10-04,4.7
2013-10-05,3.7
2013-10-06,3.1
2013-10-07,4.3
2013-10-08,4.8
2013-10-09,5.2
2013-10-10,4.5
2013-10-11,2.7
2013-10-12,2
2013-10-13,0.8
2013-10-14,4.5
2013-10-15,4
2013-10-16,5.6
2013-10-17,7.9
2013-10-18,7
2013-10-19,3.4
2013-10-20,3.5
2013-10-21,4
2013-10-22,3.3
2013-10-23,2.3
2013-10-24,4.7
2013-10-25,5.1
2013-10-26,4
2013-10-27,3.1
2013-10-28,-0.8
2013-10-29,-3
2013-10-30,-3.6
2013-10-31,-3.5
2013-11-01,3.7
2013-11-02,3.5
2013-11-03,1
2013-11-04,-0.6
2013-11-05,3.9
2013-11-06,3.8
2013-11-07,1.1
2013-11-08,-2.2
2013-11-09,-4.2
2013-11-10,0.2
2013-11-11,2
2013-11-12,2.2
2013-11-13,-0.3
2013-11-14,-4
2013-11-15,-6.8
2013-11-16,-7.2
2013-11-17,-4.9
2013-11-18,-5.2
2013-11-19,-6.5
2013-11-20,-7.8
2013-11-21,-7.7
2013-11-22,-7.8
2013-11-23,-8.4
2013-11-24,-8
2013-11-25,-9
2013-11-26,-7.8
2013-11-27,-9.4
2013-11-28,-9.5
2013-11-29,-6.8
2013-11-30,-7.6
2013-12-01,-10.2
2013-12-02,-6
2013-12-03,-2.8
2013-12-04,-1
2013-12-05,-1.2
2013-12-06,0.6
2013-12-07,0.9
2013-12-08,-0.3
2013-12-09,-2.8
2013-12-10,-1
2013-12-11,-0
2013-12-12,0.7
2013-12-13,-0.6
2013-12-14,-2.8
2013-12-15,0
2013-12-16,-1
2013-12-17,-5.1
2013-12-18,-2.2
2013-12-19,-6.6
2013-12-20,-7.8
2013-12-21,-7.7
2013-12-22,-1
2013-12-23,-1
2013-12-24,-2.8
2013-12-25,-7.3
2013-12-26,-7.1
2013-12-27,-0.2
2013-12-28,-6.9
2013-12-29,-7.9
2013-12-30,-6.3
2013-12-31,-2.9
2014-01-01,-1.7
2014-01-02,-0.6
2014-01-03,0.3
2014-01-04,-7.7
2014-01-05,-8.8
2014-01-06,-2.9
2014-01-07,1.9
2014-01-08,0.4
2014-01-09,3.3
2014-01-10,1.7
2014-01-11,1.6
2014-01-12,-1.2
2014-01-13,-5.6
2014-01-14,-4.6
2014-01-15,-1.6
2014-01-16,-6.4
2014-01-17,-7
2014-01-18,-6.5
2014-01-19,-6.9
2014-01-20,-7.3
2014-01-21,-6.5
2014-01-22,-5.2
2014-01-23,-6.6
2014-01-24,-4.4
2014-01-25,-2.2
2014-01-26,-1.1
2014-01-27,-6.5
2014-01-28,-7.5
2014-01-29,-7.1
2014-01-30,-8
2014-01-31,-4
2014-02-01,-9
2014-02-02,-9.2
2014-02-03,-8
2014-02-04,-6.7
2014-02-05,-5.3
2014-02-06,-4.3
2014-02-07,-7
2014-02-08,-6.8
2014-02-09,-8
2014-02-10,-9
2014-02-11,-8
2014-02-12,-7
2014-02-13,-1.6
2014-02-14,-0.9
2014-02-15,-5.3
2014-02-16,-6.3
2014-02-17,-7.1
2014-02-18,-5.8
2014-02-19,-5.4
2014-02-20,-2.7
2014-02-21,-6.7
2014-02-22,-6.6
2014-02-23,-5.2
2014-02-24,-4.3
2014-02-25,-5.8
2014-02-26,-7.5
2014-02-27,-5.3
2014-02-28,-3.5
2014-03-01,-4.3
2014-03-02,-1.5
2014-03-03,-6.8
2014-03-04,-6.5
2014-03-05,-2.6
2014-03-06,-1.1
2014-03-07,0.9
2014-03-08,0.7
2014-03-09,-0.3
2014-03-10,0.6
2014-03-11,-0.4
2014-03-12,-2.6
2014-03-13,-2.9
2014-03-14,-2.7
2014-03-15,-1
2014-03-16,1.9
2014-03-17,4.4
2014-03-18,2.4
2014-03-19,3
2014-03-20,2.2
2014-03-21,
2014-03-22,-6.6
2014-03-23,-7.7
2014-03-24,-4.5
2014-03-25,-7.8
2014-03-26,-7.9
2014-03-27,-8
2014-03-28,-4.4
2014-03-29,-3
2014-03-30,-1.9
2014-03-31,-1.6
2014-04-01,-0.7
2014-04-02,-1.7
2014-04-03,-3
2014-04-04,-4.5
2014-04-05,2
2014-04-06,1.7
2014-04-07,3.5
2014-04-08,3
2014-04-09,6.3
2014-04-10,6.9
2014-04-11,5.3
2014-04-12,1
2014-04-13,1.7
2014-04-14,5.4
2014-04-15,2.5
2014-04-16,4.5
2014-04-17,6.1
2014-04-18,5.4
2014-04-19,1.5
2014-04-20,-2.1
2014-04-21,-0.4
2014-04-22,-2
2014-04-23,0.3
2014-04-24,-4
2014-04-25,-5.4
2014-04-26,-1.4
2014-04-27,-4.2
2014-04-28,0.8
2014-04-29,1.4
2014-04-30,2
2014-05-01,3.2
2014-05-02,0.9
2014-05-03,-0.3
2014-05-04,3.7
2014-05-05,5.7
2014-05-06,8.1
2014-05-07,5.7
2014-05-08,7.9
2014-05-09,7.3
2014-05-10,7.6
2014-05-11,4.9
2014-05-12,4.5
2014-05-13,1.7
2014-05-14,0.5
2014-05-15,4.2
2014-05-16,3.5
2014-05-17,1.6
2014-05-18,3.1
2014-05-19,0.8
2014-05-20,-1.4
2014-05-21,-2.6
2014-05-22,-2.8
2014-05-23,-2.8
2014-05-24,-1.6
2014-05-25,-0.6
2014-05-26,-2.2
2014-05-27,2.2
2014-05-28,1
2014-05-29,0.9
2014-05-30,1.5
2014-05-31,0.8
2014-06-01,0.8
2014-06-02,4.3
2014-06-03,4.9
2014-06-04,4.2
2014-06-05,3.6
2014-06-06,8.3
2014-06-07,5.2
2014-06-08,6.7
2014-06-09,5.9
2014-06-10,6
2014-06-11,8.2
2014-06-12,8.5
2014-06-13,10.4
2014-06-14,8.4
2014-06-15,3.3
2014-06-16,2.7
2014-06-17,3.5
2014-06-18,7.4
2014-06-19,8.9
2014-06-20,8.4
2014-06-21,7.7
2014-06-22,7
2014-06-23,5.7
2014-06-24,4.4
2014-06-25,3.3
